n,s,t,ex(n;Kst),count,last_ops,structures
1,1,1,0,1,vertex,1
1,1,2,0,1,vertex,1
1,1,3,0,1,vertex,1
1,1,4,0,1,vertex,1
1,1,5,0,1,vertex,1
1,1,6,0,1,vertex,1
1,1,7,0,1,vertex,1
1,1,8,0,1,vertex,1
1,1,9,0,1,vertex,1
1,1,10,0,1,vertex,1
1,1,11,0,1,vertex,1
1,1,12,0,1,vertex,1
1,2,2,0,1,vertex,1
1,2,3,0,1,vertex,1
1,2,4,0,1,vertex,1
1,2,5,0,1,vertex,1
1,2,6,0,1,vertex,1
1,2,7,0,1,vertex,1
1,2,8,0,1,vertex,1
1,2,9,0,1,vertex,1
1,2,10,0,1,vertex,1
1,2,11,0,1,vertex,1
1,2,12,0,1,vertex,1
1,3,3,0,1,vertex,1
1,3,4,0,1,vertex,1
1,3,5,0,1,vertex,1
1,3,6,0,1,vertex,1
1,3,7,0,1,vertex,1
1,3,8,0,1,vertex,1
1,3,9,0,1,vertex,1
1,3,10,0,1,vertex,1
1,3,11,0,1,vertex,1
1,3,12,0,1,vertex,1
1,4,4,0,1,vertex,1
1,4,5,0,1,vertex,1
1,4,6,0,1,vertex,1
1,4,7,0,1,vertex,1
1,4,8,0,1,vertex,1
1,4,9,0,1,vertex,1
1,4,10,0,1,vertex,1
1,4,11,0,1,vertex,1
1,4,12,0,1,vertex,1
1,5,5,0,1,vertex,1
1,5,6,0,1,vertex,1
1,5,7,0,1,vertex,1
1,5,8,0,1,vertex,1
1,5,9,0,1,vertex,1
1,5,10,0,1,vertex,1
1,5,11,0,1,vertex,1
1,5,12,0,1,vertex,1
1,6,6,0,1,vertex,1
1,6,7,0,1,vertex,1
1,6,8,0,1,vertex,1
1,6,9,0,1,vertex,1
1,6,10,0,1,vertex,1
1,6,11,0,1,vertex,1
1,6,12,0,1,vertex,1
1,7,7,0,1,vertex,1
1,7,8,0,1,vertex,1
1,7,9,0,1,vertex,1
1,7,10,0,1,vertex,1
1,7,11,0,1,vertex,1
1,7,12,0,1,vertex,1
1,8,8,0,1,vertex,1
1,8,9,0,1,vertex,1
1,8,10,0,1,vertex,1
1,8,11,0,1,vertex,1
1,8,12,0,1,vertex,1
1,9,9,0,1,vertex,1
1,9,10,0,1,vertex,1
1,9,11,0,1,vertex,1
1,9,12,0,1,vertex,1
1,10,10,0,1,vertex,1
1,10,11,0,1,vertex,1
1,10,12,0,1,vertex,1
1,11,11,0,1,vertex,1
1,11,12,0,1,vertex,1
1,12,12,0,1,vertex,1
2,1,1,0,1,sum,"S(1,1)"
2,1,2,1,1,product,"P(1,1)"
2,1,3,1,1,product,"P(1,1)"
2,1,4,1,1,product,"P(1,1)"
2,1,5,1,1,product,"P(1,1)"
2,1,6,1,1,product,"P(1,1)"
2,1,7,1,1,product,"P(1,1)"
2,1,8,1,1,product,"P(1,1)"
2,1,9,1,1,product,"P(1,1)"
2,1,10,1,1,product,"P(1,1)"
2,1,11,1,1,product,"P(1,1)"
2,1,12,1,1,product,"P(1,1)"
2,2,2,1,1,product,"P(1,1)"
2,2,3,1,1,product,"P(1,1)"
2,2,4,1,1,product,"P(1,1)"
2,2,5,1,1,product,"P(1,1)"
2,2,6,1,1,product,"P(1,1)"
2,2,7,1,1,product,"P(1,1)"
2,2,8,1,1,product,"P(1,1)"
2,2,9,1,1,product,"P(1,1)"
2,2,10,1,1,product,"P(1,1)"
2,2,11,1,1,product,"P(1,1)"
2,2,12,1,1,product,"P(1,1)"
2,3,3,1,1,product,"P(1,1)"
2,3,4,1,1,product,"P(1,1)"
2,3,5,1,1,product,"P(1,1)"
2,3,6,1,1,product,"P(1,1)"
2,3,7,1,1,product,"P(1,1)"
2,3,8,1,1,product,"P(1,1)"
2,3,9,1,1,product,"P(1,1)"
2,3,10,1,1,product,"P(1,1)"
2,3,11,1,1,product,"P(1,1)"
2,3,12,1,1,product,"P(1,1)"
2,4,4,1,1,product,"P(1,1)"
2,4,5,1,1,product,"P(1,1)"
2,4,6,1,1,product,"P(1,1)"
2,4,7,1,1,product,"P(1,1)"
2,4,8,1,1,product,"P(1,1)"
2,4,9,1,1,product,"P(1,1)"
2,4,10,1,1,product,"P(1,1)"
2,4,11,1,1,product,"P(1,1)"
2,4,12,1,1,product,"P(1,1)"
2,5,5,1,1,product,"P(1,1)"
2,5,6,1,1,product,"P(1,1)"
2,5,7,1,1,product,"P(1,1)"
2,5,8,1,1,product,"P(1,1)"
2,5,9,1,1,product,"P(1,1)"
2,5,10,1,1,product,"P(1,1)"
2,5,11,1,1,product,"P(1,1)"
2,5,12,1,1,product,"P(1,1)"
2,6,6,1,1,product,"P(1,1)"
2,6,7,1,1,product,"P(1,1)"
2,6,8,1,1,product,"P(1,1)"
2,6,9,1,1,product,"P(1,1)"
2,6,10,1,1,product,"P(1,1)"
2,6,11,1,1,product,"P(1,1)"
2,6,12,1,1,product,"P(1,1)"
2,7,7,1,1,product,"P(1,1)"
2,7,8,1,1,product,"P(1,1)"
2,7,9,1,1,product,"P(1,1)"
2,7,10,1,1,product,"P(1,1)"
2,7,11,1,1,product,"P(1,1)"
2,7,12,1,1,product,"P(1,1)"
2,8,8,1,1,product,"P(1,1)"
2,8,9,1,1,product,"P(1,1)"
2,8,10,1,1,product,"P(1,1)"
2,8,11,1,1,product,"P(1,1)"
2,8,12,1,1,product,"P(1,1)"
2,9,9,1,1,product,"P(1,1)"
2,9,10,1,1,product,"P(1,1)"
2,9,11,1,1,product,"P(1,1)"
2,9,12,1,1,product,"P(1,1)"
2,10,10,1,1,product,"P(1,1)"
2,10,11,1,1,product,"P(1,1)"
2,10,12,1,1,product,"P(1,1)"
2,11,11,1,1,product,"P(1,1)"
2,11,12,1,1,product,"P(1,1)"
2,12,12,1,1,product,"P(1,1)"
3,1,1,0,1,sum,"S(1,1,1)"
3,1,2,1,1,sum,"S(1,P(1,1))"
3,1,3,3,1,product,"P(1,1,1)"
3,1,4,3,1,product,"P(1,1,1)"
3,1,5,3,1,product,"P(1,1,1)"
3,1,6,3,1,product,"P(1,1,1)"
3,1,7,3,1,product,"P(1,1,1)"
3,1,8,3,1,product,"P(1,1,1)"
3,1,9,3,1,product,"P(1,1,1)"
3,1,10,3,1,product,"P(1,1,1)"
3,1,11,3,1,product,"P(1,1,1)"
3,1,12,3,1,product,"P(1,1,1)"
3,2,2,3,1,product,"P(1,1,1)"
3,2,3,3,1,product,"P(1,1,1)"
3,2,4,3,1,product,"P(1,1,1)"
3,2,5,3,1,product,"P(1,1,1)"
3,2,6,3,1,product,"P(1,1,1)"
3,2,7,3,1,product,"P(1,1,1)"
3,2,8,3,1,product,"P(1,1,1)"
3,2,9,3,1,product,"P(1,1,1)"
3,2,10,3,1,product,"P(1,1,1)"
3,2,11,3,1,product,"P(1,1,1)"
3,2,12,3,1,product,"P(1,1,1)"
3,3,3,3,1,product,"P(1,1,1)"
3,3,4,3,1,product,"P(1,1,1)"
3,3,5,3,1,product,"P(1,1,1)"
3,3,6,3,1,product,"P(1,1,1)"
3,3,7,3,1,product,"P(1,1,1)"
3,3,8,3,1,product,"P(1,1,1)"
3,3,9,3,1,product,"P(1,1,1)"
3,3,10,3,1,product,"P(1,1,1)"
3,3,11,3,1,product,"P(1,1,1)"
3,3,12,3,1,product,"P(1,1,1)"
3,4,4,3,1,product,"P(1,1,1)"
3,4,5,3,1,product,"P(1,1,1)"
3,4,6,3,1,product,"P(1,1,1)"
3,4,7,3,1,product,"P(1,1,1)"
3,4,8,3,1,product,"P(1,1,1)"
3,4,9,3,1,product,"P(1,1,1)"
3,4,10,3,1,product,"P(1,1,1)"
3,4,11,3,1,product,"P(1,1,1)"
3,4,12,3,1,product,"P(1,1,1)"
3,5,5,3,1,product,"P(1,1,1)"
3,5,6,3,1,product,"P(1,1,1)"
3,5,7,3,1,product,"P(1,1,1)"
3,5,8,3,1,product,"P(1,1,1)"
3,5,9,3,1,product,"P(1,1,1)"
3,5,10,3,1,product,"P(1,1,1)"
3,5,11,3,1,product,"P(1,1,1)"
3,5,12,3,1,product,"P(1,1,1)"
3,6,6,3,1,product,"P(1,1,1)"
3,6,7,3,1,product,"P(1,1,1)"
3,6,8,3,1,product,"P(1,1,1)"
3,6,9,3,1,product,"P(1,1,1)"
3,6,10,3,1,product,"P(1,1,1)"
3,6,11,3,1,product,"P(1,1,1)"
3,6,12,3,1,product,"P(1,1,1)"
3,7,7,3,1,product,"P(1,1,1)"
3,7,8,3,1,product,"P(1,1,1)"
3,7,9,3,1,product,"P(1,1,1)"
3,7,10,3,1,product,"P(1,1,1)"
3,7,11,3,1,product,"P(1,1,1)"
3,7,12,3,1,product,"P(1,1,1)"
3,8,8,3,1,product,"P(1,1,1)"
3,8,9,3,1,product,"P(1,1,1)"
3,8,10,3,1,product,"P(1,1,1)"
3,8,11,3,1,product,"P(1,1,1)"
3,8,12,3,1,product,"P(1,1,1)"
3,9,9,3,1,product,"P(1,1,1)"
3,9,10,3,1,product,"P(1,1,1)"
3,9,11,3,1,product,"P(1,1,1)"
3,9,12,3,1,product,"P(1,1,1)"
3,10,10,3,1,product,"P(1,1,1)"
3,10,11,3,1,product,"P(1,1,1)"
3,10,12,3,1,product,"P(1,1,1)"
3,11,11,3,1,product,"P(1,1,1)"
3,11,12,3,1,product,"P(1,1,1)"
3,12,12,3,1,product,"P(1,1,1)"
4,1,1,0,1,sum,"S(1,1,1,1)"
4,1,2,2,1,sum,"S(P(1,1),P(1,1))"
4,1,3,4,1,product,"P(S(1,1),S(1,1))"
4,1,4,6,1,product,"P(1,1,1,1)"
4,1,5,6,1,product,"P(1,1,1,1)"
4,1,6,6,1,product,"P(1,1,1,1)"
4,1,7,6,1,product,"P(1,1,1,1)"
4,1,8,6,1,product,"P(1,1,1,1)"
4,1,9,6,1,product,"P(1,1,1,1)"
4,1,10,6,1,product,"P(1,1,1,1)"
4,1,11,6,1,product,"P(1,1,1,1)"
4,1,12,6,1,product,"P(1,1,1,1)"
4,2,2,4,1,product,"P(1,S(1,P(1,1)))"
4,2,3,6,1,product,"P(1,1,1,1)"
4,2,4,6,1,product,"P(1,1,1,1)"
4,2,5,6,1,product,"P(1,1,1,1)"
4,2,6,6,1,product,"P(1,1,1,1)"
4,2,7,6,1,product,"P(1,1,1,1)"
4,2,8,6,1,product,"P(1,1,1,1)"
4,2,9,6,1,product,"P(1,1,1,1)"
4,2,10,6,1,product,"P(1,1,1,1)"
4,2,11,6,1,product,"P(1,1,1,1)"
4,2,12,6,1,product,"P(1,1,1,1)"
4,3,3,6,1,product,"P(1,1,1,1)"
4,3,4,6,1,product,"P(1,1,1,1)"
4,3,5,6,1,product,"P(1,1,1,1)"
4,3,6,6,1,product,"P(1,1,1,1)"
4,3,7,6,1,product,"P(1,1,1,1)"
4,3,8,6,1,product,"P(1,1,1,1)"
4,3,9,6,1,product,"P(1,1,1,1)"
4,3,10,6,1,product,"P(1,1,1,1)"
4,3,11,6,1,product,"P(1,1,1,1)"
4,3,12,6,1,product,"P(1,1,1,1)"
4,4,4,6,1,product,"P(1,1,1,1)"
4,4,5,6,1,product,"P(1,1,1,1)"
4,4,6,6,1,product,"P(1,1,1,1)"
4,4,7,6,1,product,"P(1,1,1,1)"
4,4,8,6,1,product,"P(1,1,1,1)"
4,4,9,6,1,product,"P(1,1,1,1)"
4,4,10,6,1,product,"P(1,1,1,1)"
4,4,11,6,1,product,"P(1,1,1,1)"
4,4,12,6,1,product,"P(1,1,1,1)"
4,5,5,6,1,product,"P(1,1,1,1)"
4,5,6,6,1,product,"P(1,1,1,1)"
4,5,7,6,1,product,"P(1,1,1,1)"
4,5,8,6,1,product,"P(1,1,1,1)"
4,5,9,6,1,product,"P(1,1,1,1)"
4,5,10,6,1,product,"P(1,1,1,1)"
4,5,11,6,1,product,"P(1,1,1,1)"
4,5,12,6,1,product,"P(1,1,1,1)"
4,6,6,6,1,product,"P(1,1,1,1)"
4,6,7,6,1,product,"P(1,1,1,1)"
4,6,8,6,1,product,"P(1,1,1,1)"
4,6,9,6,1,product,"P(1,1,1,1)"
4,6,10,6,1,product,"P(1,1,1,1)"
4,6,11,6,1,product,"P(1,1,1,1)"
4,6,12,6,1,product,"P(1,1,1,1)"
4,7,7,6,1,product,"P(1,1,1,1)"
4,7,8,6,1,product,"P(1,1,1,1)"
4,7,9,6,1,product,"P(1,1,1,1)"
4,7,10,6,1,product,"P(1,1,1,1)"
4,7,11,6,1,product,"P(1,1,1,1)"
4,7,12,6,1,product,"P(1,1,1,1)"
4,8,8,6,1,product,"P(1,1,1,1)"
4,8,9,6,1,product,"P(1,1,1,1)"
4,8,10,6,1,product,"P(1,1,1,1)"
4,8,11,6,1,product,"P(1,1,1,1)"
4,8,12,6,1,product,"P(1,1,1,1)"
4,9,9,6,1,product,"P(1,1,1,1)"
4,9,10,6,1,product,"P(1,1,1,1)"
4,9,11,6,1,product,"P(1,1,1,1)"
4,9,12,6,1,product,"P(1,1,1,1)"
4,10,10,6,1,product,"P(1,1,1,1)"
4,10,11,6,1,product,"P(1,1,1,1)"
4,10,12,6,1,product,"P(1,1,1,1)"
4,11,11,6,1,product,"P(1,1,1,1)"
4,11,12,6,1,product,"P(1,1,1,1)"
4,12,12,6,1,product,"P(1,1,1,1)"
5,1,1,0,1,sum,"S(1,1,1,1,1)"
5,1,2,2,1,sum,"S(1,P(1,1),P(1,1))"
5,1,3,4,2,sum,"S(P(1,1),P(1,1,1));S(1,P(S(1,1),S(1,1)))"
5,1,4,7,1,product,"P(S(1,1),S(1,P(1,1)))"
5,1,5,10,1,product,"P(1,1,1,1,1)"
5,1,6,10,1,product,"P(1,1,1,1,1)"
5,1,7,10,1,product,"P(1,1,1,1,1)"
5,1,8,10,1,product,"P(1,1,1,1,1)"
5,1,9,10,1,product,"P(1,1,1,1,1)"
5,1,10,10,1,product,"P(1,1,1,1,1)"
5,1,11,10,1,product,"P(1,1,1,1,1)"
5,1,12,10,1,product,"P(1,1,1,1,1)"
5,2,2,6,1,product,"P(1,S(P(1,1),P(1,1)))"
5,2,3,7,1,product,"P(1,S(1,P(1,1,1)))"
5,2,4,10,1,product,"P(1,1,1,1,1)"
5,2,5,10,1,product,"P(1,1,1,1,1)"
5,2,6,10,1,product,"P(1,1,1,1,1)"
5,2,7,10,1,product,"P(1,1,1,1,1)"
5,2,8,10,1,product,"P(1,1,1,1,1)"
5,2,9,10,1,product,"P(1,1,1,1,1)"
5,2,10,10,1,product,"P(1,1,1,1,1)"
5,2,11,10,1,product,"P(1,1,1,1,1)"
5,2,12,10,1,product,"P(1,1,1,1,1)"
5,3,3,10,1,product,"P(1,1,1,1,1)"
5,3,4,10,1,product,"P(1,1,1,1,1)"
5,3,5,10,1,product,"P(1,1,1,1,1)"
5,3,6,10,1,product,"P(1,1,1,1,1)"
5,3,7,10,1,product,"P(1,1,1,1,1)"
5,3,8,10,1,product,"P(1,1,1,1,1)"
5,3,9,10,1,product,"P(1,1,1,1,1)"
5,3,10,10,1,product,"P(1,1,1,1,1)"
5,3,11,10,1,product,"P(1,1,1,1,1)"
5,3,12,10,1,product,"P(1,1,1,1,1)"
5,4,4,10,1,product,"P(1,1,1,1,1)"
5,4,5,10,1,product,"P(1,1,1,1,1)"
5,4,6,10,1,product,"P(1,1,1,1,1)"
5,4,7,10,1,product,"P(1,1,1,1,1)"
5,4,8,10,1,product,"P(1,1,1,1,1)"
5,4,9,10,1,product,"P(1,1,1,1,1)"
5,4,10,10,1,product,"P(1,1,1,1,1)"
5,4,11,10,1,product,"P(1,1,1,1,1)"
5,4,12,10,1,product,"P(1,1,1,1,1)"
5,5,5,10,1,product,"P(1,1,1,1,1)"
5,5,6,10,1,product,"P(1,1,1,1,1)"
5,5,7,10,1,product,"P(1,1,1,1,1)"
5,5,8,10,1,product,"P(1,1,1,1,1)"
5,5,9,10,1,product,"P(1,1,1,1,1)"
5,5,10,10,1,product,"P(1,1,1,1,1)"
5,5,11,10,1,product,"P(1,1,1,1,1)"
5,5,12,10,1,product,"P(1,1,1,1,1)"
5,6,6,10,1,product,"P(1,1,1,1,1)"
5,6,7,10,1,product,"P(1,1,1,1,1)"
5,6,8,10,1,product,"P(1,1,1,1,1)"
5,6,9,10,1,product,"P(1,1,1,1,1)"
5,6,10,10,1,product,"P(1,1,1,1,1)"
5,6,11,10,1,product,"P(1,1,1,1,1)"
5,6,12,10,1,product,"P(1,1,1,1,1)"
5,7,7,10,1,product,"P(1,1,1,1,1)"
5,7,8,10,1,product,"P(1,1,1,1,1)"
5,7,9,10,1,product,"P(1,1,1,1,1)"
5,7,10,10,1,product,"P(1,1,1,1,1)"
5,7,11,10,1,product,"P(1,1,1,1,1)"
5,7,12,10,1,product,"P(1,1,1,1,1)"
5,8,8,10,1,product,"P(1,1,1,1,1)"
5,8,9,10,1,product,"P(1,1,1,1,1)"
5,8,10,10,1,product,"P(1,1,1,1,1)"
5,8,11,10,1,product,"P(1,1,1,1,1)"
5,8,12,10,1,product,"P(1,1,1,1,1)"
5,9,9,10,1,product,"P(1,1,1,1,1)"
5,9,10,10,1,product,"P(1,1,1,1,1)"
5,9,11,10,1,product,"P(1,1,1,1,1)"
5,9,12,10,1,product,"P(1,1,1,1,1)"
5,10,10,10,1,product,"P(1,1,1,1,1)"
5,10,11,10,1,product,"P(1,1,1,1,1)"
5,10,12,10,1,product,"P(1,1,1,1,1)"
5,11,11,10,1,product,"P(1,1,1,1,1)"
5,11,12,10,1,product,"P(1,1,1,1,1)"
5,12,12,10,1,product,"P(1,1,1,1,1)"
6,1,1,0,1,sum,"S(1,1,1,1,1,1)"
6,1,2,3,1,sum,"S(P(1,1),P(1,1),P(1,1))"
6,1,3,6,1,sum,"S(P(1,1,1),P(1,1,1))"
6,1,4,9,1,product,"P(S(1,1,1),S(1,1,1))"
6,1,5,12,1,product,"P(S(1,1),S(1,1),S(1,1))"
6,1,6,15,1,product,"P(1,1,1,1,1,1)"
6,1,7,15,1,product,"P(1,1,1,1,1,1)"
6,1,8,15,1,product,"P(1,1,1,1,1,1)"
6,1,9,15,1,product,"P(1,1,1,1,1,1)"
6,1,10,15,1,product,"P(1,1,1,1,1,1)"
6,1,11,15,1,product,"P(1,1,1,1,1,1)"
6,1,12,15,1,product,"P(1,1,1,1,1,1)"
6,2,2,7,1,product,"P(1,S(1,P(1,1),P(1,1)))"
6,2,3,9,1,product,"P(1,S(P(1,1),P(1,1,1)))"
6,2,4,11,2,product,"P(1,S(1,P(1,1,1,1)));P(S(1,P(1,1)),S(1,P(1,1)))"
6,2,5,15,1,product,"P(1,1,1,1,1,1)"
6,2,6,15,1,product,"P(1,1,1,1,1,1)"
6,2,7,15,1,product,"P(1,1,1,1,1,1)"
6,2,8,15,1,product,"P(1,1,1,1,1,1)"
6,2,9,15,1,product,"P(1,1,1,1,1,1)"
6,2,10,15,1,product,"P(1,1,1,1,1,1)"
6,2,11,15,1,product,"P(1,1,1,1,1,1)"
6,2,12,15,1,product,"P(1,1,1,1,1,1)"
6,3,3,12,2,product,"P(1,1,S(1,P(1,1,1)));P(S(1,1),S(1,1),S(1,1))"
6,3,4,15,1,product,"P(1,1,1,1,1,1)"
6,3,5,15,1,product,"P(1,1,1,1,1,1)"
6,3,6,15,1,product,"P(1,1,1,1,1,1)"
6,3,7,15,1,product,"P(1,1,1,1,1,1)"
6,3,8,15,1,product,"P(1,1,1,1,1,1)"
6,3,9,15,1,product,"P(1,1,1,1,1,1)"
6,3,10,15,1,product,"P(1,1,1,1,1,1)"
6,3,11,15,1,product,"P(1,1,1,1,1,1)"
6,3,12,15,1,product,"P(1,1,1,1,1,1)"
6,4,4,15,1,product,"P(1,1,1,1,1,1)"
6,4,5,15,1,product,"P(1,1,1,1,1,1)"
6,4,6,15,1,product,"P(1,1,1,1,1,1)"
6,4,7,15,1,product,"P(1,1,1,1,1,1)"
6,4,8,15,1,product,"P(1,1,1,1,1,1)"
6,4,9,15,1,product,"P(1,1,1,1,1,1)"
6,4,10,15,1,product,"P(1,1,1,1,1,1)"
6,4,11,15,1,product,"P(1,1,1,1,1,1)"
6,4,12,15,1,product,"P(1,1,1,1,1,1)"
6,5,5,15,1,product,"P(1,1,1,1,1,1)"
6,5,6,15,1,product,"P(1,1,1,1,1,1)"
6,5,7,15,1,product,"P(1,1,1,1,1,1)"
6,5,8,15,1,product,"P(1,1,1,1,1,1)"
6,5,9,15,1,product,"P(1,1,1,1,1,1)"
6,5,10,15,1,product,"P(1,1,1,1,1,1)"
6,5,11,15,1,product,"P(1,1,1,1,1,1)"
6,5,12,15,1,product,"P(1,1,1,1,1,1)"
6,6,6,15,1,product,"P(1,1,1,1,1,1)"
6,6,7,15,1,product,"P(1,1,1,1,1,1)"
6,6,8,15,1,product,"P(1,1,1,1,1,1)"
6,6,9,15,1,product,"P(1,1,1,1,1,1)"
6,6,10,15,1,product,"P(1,1,1,1,1,1)"
6,6,11,15,1,product,"P(1,1,1,1,1,1)"
6,6,12,15,1,product,"P(1,1,1,1,1,1)"
6,7,7,15,1,product,"P(1,1,1,1,1,1)"
6,7,8,15,1,product,"P(1,1,1,1,1,1)"
6,7,9,15,1,product,"P(1,1,1,1,1,1)"
6,7,10,15,1,product,"P(1,1,1,1,1,1)"
6,7,11,15,1,product,"P(1,1,1,1,1,1)"
6,7,12,15,1,product,"P(1,1,1,1,1,1)"
6,8,8,15,1,product,"P(1,1,1,1,1,1)"
6,8,9,15,1,product,"P(1,1,1,1,1,1)"
6,8,10,15,1,product,"P(1,1,1,1,1,1)"
6,8,11,15,1,product,"P(1,1,1,1,1,1)"
6,8,12,15,1,product,"P(1,1,1,1,1,1)"
6,9,9,15,1,product,"P(1,1,1,1,1,1)"
6,9,10,15,1,product,"P(1,1,1,1,1,1)"
6,9,11,15,1,product,"P(1,1,1,1,1,1)"
6,9,12,15,1,product,"P(1,1,1,1,1,1)"
6,10,10,15,1,product,"P(1,1,1,1,1,1)"
6,10,11,15,1,product,"P(1,1,1,1,1,1)"
6,10,12,15,1,product,"P(1,1,1,1,1,1)"
6,11,11,15,1,product,"P(1,1,1,1,1,1)"
6,11,12,15,1,product,"P(1,1,1,1,1,1)"
6,12,12,15,1,product,"P(1,1,1,1,1,1)"
7,1,1,0,1,sum,"S(1,1,1,1,1,1,1)"
7,1,2,3,1,sum,"S(1,P(1,1),P(1,1),P(1,1))"
7,1,3,7,1,sum,"S(P(1,1,1),P(S(1,1),S(1,1)))"
7,1,4,9,2,sum,"S(P(1,1,1),P(1,1,1,1));S(1,P(S(1,1,1),S(1,1,1)))"
7,1,5,14,1,product,"P(S(1,1,1),S(P(1,1),P(1,1)))"
7,1,6,17,1,product,"P(S(1,1),S(1,1),S(1,P(1,1)))"
7,1,7,21,1,product,"P(1,1,1,1,1,1,1)"
7,1,8,21,1,product,"P(1,1,1,1,1,1,1)"
7,1,9,21,1,product,"P(1,1,1,1,1,1,1)"
7,1,10,21,1,product,"P(1,1,1,1,1,1,1)"
7,1,11,21,1,product,"P(1,1,1,1,1,1,1)"
7,1,12,21,1,product,"P(1,1,1,1,1,1,1)"
7,2,2,9,1,product,"P(1,S(P(1,1),P(1,1),P(1,1)))"
7,2,3,12,1,product,"P(1,S(P(1,1,1),P(1,1,1)))"
7,2,4,13,1,product,"P(1,S(P(1,1),P(1,1,1,1)))"
7,2,5,17,1,product,"P(1,S(1,P(1,1)),S(1,P(1,1)))"
7,2,6,21,1,product,"P(1,1,1,1,1,1,1)"
7,2,7,21,1,product,"P(1,1,1,1,1,1,1)"
7,2,8,21,1,product,"P(1,1,1,1,1,1,1)"
7,2,9,21,1,product,"P(1,1,1,1,1,1,1)"
7,2,10,21,1,product,"P(1,1,1,1,1,1,1)"
7,2,11,21,1,product,"P(1,1,1,1,1,1,1)"
7,2,12,21,1,product,"P(1,1,1,1,1,1,1)"
7,3,3,15,1,product,"P(1,1,S(P(1,1),P(1,1,1)))"
7,3,4,17,1,product,"P(1,1,S(1,P(1,1,1,1)))"
7,3,5,21,1,product,"P(1,1,1,1,1,1,1)"
7,3,6,21,1,product,"P(1,1,1,1,1,1,1)"
7,3,7,21,1,product,"P(1,1,1,1,1,1,1)"
7,3,8,21,1,product,"P(1,1,1,1,1,1,1)"
7,3,9,21,1,product,"P(1,1,1,1,1,1,1)"
7,3,10,21,1,product,"P(1,1,1,1,1,1,1)"
7,3,11,21,1,product,"P(1,1,1,1,1,1,1)"
7,3,12,21,1,product,"P(1,1,1,1,1,1,1)"
7,4,4,21,1,product,"P(1,1,1,1,1,1,1)"
7,4,5,21,1,product,"P(1,1,1,1,1,1,1)"
7,4,6,21,1,product,"P(1,1,1,1,1,1,1)"
7,4,7,21,1,product,"P(1,1,1,1,1,1,1)"
7,4,8,21,1,product,"P(1,1,1,1,1,1,1)"
7,4,9,21,1,product,"P(1,1,1,1,1,1,1)"
7,4,10,21,1,product,"P(1,1,1,1,1,1,1)"
7,4,11,21,1,product,"P(1,1,1,1,1,1,1)"
7,4,12,21,1,product,"P(1,1,1,1,1,1,1)"
7,5,5,21,1,product,"P(1,1,1,1,1,1,1)"
7,5,6,21,1,product,"P(1,1,1,1,1,1,1)"
7,5,7,21,1,product,"P(1,1,1,1,1,1,1)"
7,5,8,21,1,product,"P(1,1,1,1,1,1,1)"
7,5,9,21,1,product,"P(1,1,1,1,1,1,1)"
7,5,10,21,1,product,"P(1,1,1,1,1,1,1)"
7,5,11,21,1,product,"P(1,1,1,1,1,1,1)"
7,5,12,21,1,product,"P(1,1,1,1,1,1,1)"
7,6,6,21,1,product,"P(1,1,1,1,1,1,1)"
7,6,7,21,1,product,"P(1,1,1,1,1,1,1)"
7,6,8,21,1,product,"P(1,1,1,1,1,1,1)"
7,6,9,21,1,product,"P(1,1,1,1,1,1,1)"
7,6,10,21,1,product,"P(1,1,1,1,1,1,1)"
7,6,11,21,1,product,"P(1,1,1,1,1,1,1)"
7,6,12,21,1,product,"P(1,1,1,1,1,1,1)"
7,7,7,21,1,product,"P(1,1,1,1,1,1,1)"
7,7,8,21,1,product,"P(1,1,1,1,1,1,1)"
7,7,9,21,1,product,"P(1,1,1,1,1,1,1)"
7,7,10,21,1,product,"P(1,1,1,1,1,1,1)"
7,7,11,21,1,product,"P(1,1,1,1,1,1,1)"
7,7,12,21,1,product,"P(1,1,1,1,1,1,1)"
7,8,8,21,1,product,"P(1,1,1,1,1,1,1)"
7,8,9,21,1,product,"P(1,1,1,1,1,1,1)"
7,8,10,21,1,product,"P(1,1,1,1,1,1,1)"
7,8,11,21,1,product,"P(1,1,1,1,1,1,1)"
7,8,12,21,1,product,"P(1,1,1,1,1,1,1)"
7,9,9,21,1,product,"P(1,1,1,1,1,1,1)"
7,9,10,21,1,product,"P(1,1,1,1,1,1,1)"
7,9,11,21,1,product,"P(1,1,1,1,1,1,1)"
7,9,12,21,1,product,"P(1,1,1,1,1,1,1)"
7,10,10,21,1,product,"P(1,1,1,1,1,1,1)"
7,10,11,21,1,product,"P(1,1,1,1,1,1,1)"
7,10,12,21,1,product,"P(1,1,1,1,1,1,1)"
7,11,11,21,1,product,"P(1,1,1,1,1,1,1)"
7,11,12,21,1,product,"P(1,1,1,1,1,1,1)"
7,12,12,21,1,product,"P(1,1,1,1,1,1,1)"
8,1,1,0,1,sum,"S(1,1,1,1,1,1,1,1)"
8,1,2,4,1,sum,"S(P(1,1),P(1,1),P(1,1),P(1,1))"
8,1,3,8,1,sum,"S(P(S(1,1),S(1,1)),P(S(1,1),S(1,1)))"
8,1,4,12,1,sum,"S(P(1,1,1,1),P(1,1,1,1))"
8,1,5,16,1,product,"P(S(1,1,1,1),S(1,1,1,1))"
8,1,6,20,1,product,"P(S(P(1,1),P(1,1)),S(P(1,1),P(1,1)))"
8,1,7,24,1,product,"P(S(1,1),S(1,1),S(1,1),S(1,1))"
8,1,8,28,1,product,"P(1,1,1,1,1,1,1,1)"
8,1,9,28,1,product,"P(1,1,1,1,1,1,1,1)"
8,1,10,28,1,product,"P(1,1,1,1,1,1,1,1)"
8,1,11,28,1,product,"P(1,1,1,1,1,1,1,1)"
8,1,12,28,1,product,"P(1,1,1,1,1,1,1,1)"
8,2,2,10,1,product,"P(1,S(1,P(1,1),P(1,1),P(1,1)))"
8,2,3,13,1,product,"P(1,S(1,P(1,1,1),P(1,1,1)))"
8,2,4,16,1,product,"P(1,S(P(1,1,1),P(1,1,1,1)))"
8,2,5,20,1,product,"P(S(P(1,1),P(1,1)),S(P(1,1),P(1,1)))"
8,2,6,23,1,product,"P(1,S(1,P(1,1)),S(1,P(1,1,1)))"
8,2,7,28,1,product,"P(1,1,1,1,1,1,1,1)"
8,2,8,28,1,product,"P(1,1,1,1,1,1,1,1)"
8,2,9,28,1,product,"P(1,1,1,1,1,1,1,1)"
8,2,10,28,1,product,"P(1,1,1,1,1,1,1,1)"
8,2,11,28,1,product,"P(1,1,1,1,1,1,1,1)"
8,2,12,28,1,product,"P(1,1,1,1,1,1,1,1)"
8,3,3,19,1,product,"P(1,1,S(P(1,1,1),P(1,1,1)))"
8,3,4,20,1,product,"P(1,1,S(P(1,1),P(1,1,1,1)))"
8,3,5,24,1,product,"P(S(1,1),S(1,1),S(1,1),S(1,1))"
8,3,6,28,1,product,"P(1,1,1,1,1,1,1,1)"
8,3,7,28,1,product,"P(1,1,1,1,1,1,1,1)"
8,3,8,28,1,product,"P(1,1,1,1,1,1,1,1)"
8,3,9,28,1,product,"P(1,1,1,1,1,1,1,1)"
8,3,10,28,1,product,"P(1,1,1,1,1,1,1,1)"
8,3,11,28,1,product,"P(1,1,1,1,1,1,1,1)"
8,3,12,28,1,product,"P(1,1,1,1,1,1,1,1)"
8,4,4,24,1,product,"P(1,1,1,S(1,P(1,1,1,1)))"
8,4,5,28,1,product,"P(1,1,1,1,1,1,1,1)"
8,4,6,28,1,product,"P(1,1,1,1,1,1,1,1)"
8,4,7,28,1,product,"P(1,1,1,1,1,1,1,1)"
8,4,8,28,1,product,"P(1,1,1,1,1,1,1,1)"
8,4,9,28,1,product,"P(1,1,1,1,1,1,1,1)"
8,4,10,28,1,product,"P(1,1,1,1,1,1,1,1)"
8,4,11,28,1,product,"P(1,1,1,1,1,1,1,1)"
8,4,12,28,1,product,"P(1,1,1,1,1,1,1,1)"
8,5,5,28,1,product,"P(1,1,1,1,1,1,1,1)"
8,5,6,28,1,product,"P(1,1,1,1,1,1,1,1)"
8,5,7,28,1,product,"P(1,1,1,1,1,1,1,1)"
8,5,8,28,1,product,"P(1,1,1,1,1,1,1,1)"
8,5,9,28,1,product,"P(1,1,1,1,1,1,1,1)"
8,5,10,28,1,product,"P(1,1,1,1,1,1,1,1)"
8,5,11,28,1,product,"P(1,1,1,1,1,1,1,1)"
8,5,12,28,1,product,"P(1,1,1,1,1,1,1,1)"
8,6,6,28,1,product,"P(1,1,1,1,1,1,1,1)"
8,6,7,28,1,product,"P(1,1,1,1,1,1,1,1)"
8,6,8,28,1,product,"P(1,1,1,1,1,1,1,1)"
8,6,9,28,1,product,"P(1,1,1,1,1,1,1,1)"
8,6,10,28,1,product,"P(1,1,1,1,1,1,1,1)"
8,6,11,28,1,product,"P(1,1,1,1,1,1,1,1)"
8,6,12,28,1,product,"P(1,1,1,1,1,1,1,1)"
8,7,7,28,1,product,"P(1,1,1,1,1,1,1,1)"
8,7,8,28,1,product,"P(1,1,1,1,1,1,1,1)"
8,7,9,28,1,product,"P(1,1,1,1,1,1,1,1)"
8,7,10,28,1,product,"P(1,1,1,1,1,1,1,1)"
8,7,11,28,1,product,"P(1,1,1,1,1,1,1,1)"
8,7,12,28,1,product,"P(1,1,1,1,1,1,1,1)"
8,8,8,28,1,product,"P(1,1,1,1,1,1,1,1)"
8,8,9,28,1,product,"P(1,1,1,1,1,1,1,1)"
8,8,10,28,1,product,"P(1,1,1,1,1,1,1,1)"
8,8,11,28,1,product,"P(1,1,1,1,1,1,1,1)"
8,8,12,28,1,product,"P(1,1,1,1,1,1,1,1)"
8,9,9,28,1,product,"P(1,1,1,1,1,1,1,1)"
8,9,10,28,1,product,"P(1,1,1,1,1,1,1,1)"
8,9,11,28,1,product,"P(1,1,1,1,1,1,1,1)"
8,9,12,28,1,product,"P(1,1,1,1,1,1,1,1)"
8,10,10,28,1,product,"P(1,1,1,1,1,1,1,1)"
8,10,11,28,1,product,"P(1,1,1,1,1,1,1,1)"
8,10,12,28,1,product,"P(1,1,1,1,1,1,1,1)"
8,11,11,28,1,product,"P(1,1,1,1,1,1,1,1)"
8,11,12,28,1,product,"P(1,1,1,1,1,1,1,1)"
8,12,12,28,1,product,"P(1,1,1,1,1,1,1,1)"
9,1,1,0,1,sum,"S(1,1,1,1,1,1,1,1,1)"
9,1,2,4,1,sum,"S(1,P(1,1),P(1,1),P(1,1),P(1,1))"
9,1,3,9,1,sum,"S(P(1,1,1),P(1,1,1),P(1,1,1))"
9,1,4,13,1,sum,"S(P(1,1,1,1),P(S(1,1),S(1,P(1,1))))"
9,1,5,16,2,sum,"S(P(1,1,1,1),P(1,1,1,1,1));S(1,P(S(1,1,1,1),S(1,1,1,1)))"
9,1,6,22,1,product,"P(S(1,1,1,1),S(1,P(1,1),P(1,1)))"
9,1,7,27,1,product,"P(S(1,1,1),S(1,1,1),S(1,1,1))"
9,1,8,31,1,product,"P(S(1,1),S(1,1),S(1,1),S(1,P(1,1)))"
9,1,9,36,1,product,"P(1,1,1,1,1,1,1,1,1)"
9,1,10,36,1,product,"P(1,1,1,1,1,1,1,1,1)"
9,1,11,36,1,product,"P(1,1,1,1,1,1,1,1,1)"
9,1,12,36,1,product,"P(1,1,1,1,1,1,1,1,1)"
9,2,2,12,1,product,"P(1,S(P(1,1),P(1,1),P(1,1),P(1,1)))"
9,2,3,15,1,product,"P(1,S(P(1,1),P(1,1,1),P(1,1,1)))"
9,2,4,20,1,product,"P(1,S(P(1,1,1,1),P(1,1,1,1)))"
9,2,5,21,1,product,"P(1,S(P(1,1,1),P(1,1,1,1,1)))"
9,2,6,28,1,product,"P(1,S(P(1,1),P(1,1)),S(P(1,1),P(1,1)))"
9,2,7,30,3,product,"P(1,S(1,P(1,1)),S(1,P(1,1,1,1)));P(1,S(1,P(1,1,1)),S(1,P(1,1,1)));P(S(1,P(1,1)),S(1,P(1,1)),S(1,P(1,1)))"
9,2,8,36,1,product,"P(1,1,1,1,1,1,1,1,1)"
9,2,9,36,1,product,"P(1,1,1,1,1,1,1,1,1)"
9,2,10,36,1,product,"P(1,1,1,1,1,1,1,1,1)"
9,2,11,36,1,product,"P(1,1,1,1,1,1,1,1,1)"
9,2,12,36,1,product,"P(1,1,1,1,1,1,1,1,1)"
9,3,3,21,2,product,"P(1,1,S(1,P(1,1,1),P(1,1,1)));P(S(1,1),S(P(1,1,1),P(S(1,1),S(1,1))))"
9,3,4,24,1,product,"P(1,1,S(P(1,1,1),P(1,1,1,1)))"
9,3,5,26,2,product,"P(1,1,S(P(1,1),P(1,1,1,1,1)));P(S(1,1),S(1,P(S(1,1),S(1,1),S(1,1))))"
9,3,6,30,3,product,"P(1,1,S(1,P(1,1,1,1,1,1)));P(1,S(1,P(1,1,1)),S(1,P(1,1,1)));P(S(1,1),S(1,1),S(1,P(1,1,1,1)))"
9,3,7,36,1,product,"P(1,1,1,1,1,1,1,1,1)"
9,3,8,36,1,product,"P(1,1,1,1,1,1,1,1,1)"
9,3,9,36,1,product,"P(1,1,1,1,1,1,1,1,1)"
9,3,10,36,1,product,"P(1,1,1,1,1,1,1,1,1)"
9,3,11,36,1,product,"P(1,1,1,1,1,1,1,1,1)"
9,3,12,36,1,product,"P(1,1,1,1,1,1,1,1,1)"
9,4,4,28,1,product,"P(1,1,1,S(P(1,1),P(1,1,1,1)))"
9,4,5,31,1,product,"P(1,1,1,S(1,P(1,1,1,1,1)))"
9,4,6,36,1,product,"P(1,1,1,1,1,1,1,1,1)"
9,4,7,36,1,product,"P(1,1,1,1,1,1,1,1,1)"
9,4,8,36,1,product,"P(1,1,1,1,1,1,1,1,1)"
9,4,9,36,1,product,"P(1,1,1,1,1,1,1,1,1)"
9,4,10,36,1,product,"P(1,1,1,1,1,1,1,1,1)"
9,4,11,36,1,product,"P(1,1,1,1,1,1,1,1,1)"
9,4,12,36,1,product,"P(1,1,1,1,1,1,1,1,1)"
9,5,5,36,1,product,"P(1,1,1,1,1,1,1,1,1)"
9,5,6,36,1,product,"P(1,1,1,1,1,1,1,1,1)"
9,5,7,36,1,product,"P(1,1,1,1,1,1,1,1,1)"
9,5,8,36,1,product,"P(1,1,1,1,1,1,1,1,1)"
9,5,9,36,1,product,"P(1,1,1,1,1,1,1,1,1)"
9,5,10,36,1,product,"P(1,1,1,1,1,1,1,1,1)"
9,5,11,36,1,product,"P(1,1,1,1,1,1,1,1,1)"
9,5,12,36,1,product,"P(1,1,1,1,1,1,1,1,1)"
9,6,6,36,1,product,"P(1,1,1,1,1,1,1,1,1)"
9,6,7,36,1,product,"P(1,1,1,1,1,1,1,1,1)"
9,6,8,36,1,product,"P(1,1,1,1,1,1,1,1,1)"
9,6,9,36,1,product,"P(1,1,1,1,1,1,1,1,1)"
9,6,10,36,1,product,"P(1,1,1,1,1,1,1,1,1)"
9,6,11,36,1,product,"P(1,1,1,1,1,1,1,1,1)"
9,6,12,36,1,product,"P(1,1,1,1,1,1,1,1,1)"
9,7,7,36,1,product,"P(1,1,1,1,1,1,1,1,1)"
9,7,8,36,1,product,"P(1,1,1,1,1,1,1,1,1)"
9,7,9,36,1,product,"P(1,1,1,1,1,1,1,1,1)"
9,7,10,36,1,product,"P(1,1,1,1,1,1,1,1,1)"
9,7,11,36,1,product,"P(1,1,1,1,1,1,1,1,1)"
9,7,12,36,1,product,"P(1,1,1,1,1,1,1,1,1)"
9,8,8,36,1,product,"P(1,1,1,1,1,1,1,1,1)"
9,8,9,36,1,product,"P(1,1,1,1,1,1,1,1,1)"
9,8,10,36,1,product,"P(1,1,1,1,1,1,1,1,1)"
9,8,11,36,1,product,"P(1,1,1,1,1,1,1,1,1)"
9,8,12,36,1,product,"P(1,1,1,1,1,1,1,1,1)"
9,9,9,36,1,product,"P(1,1,1,1,1,1,1,1,1)"
9,9,10,36,1,product,"P(1,1,1,1,1,1,1,1,1)"
9,9,11,36,1,product,"P(1,1,1,1,1,1,1,1,1)"
9,9,12,36,1,product,"P(1,1,1,1,1,1,1,1,1)"
9,10,10,36,1,product,"P(1,1,1,1,1,1,1,1,1)"
9,10,11,36,1,product,"P(1,1,1,1,1,1,1,1,1)"
9,10,12,36,1,product,"P(1,1,1,1,1,1,1,1,1)"
9,11,11,36,1,product,"P(1,1,1,1,1,1,1,1,1)"
9,11,12,36,1,product,"P(1,1,1,1,1,1,1,1,1)"
9,12,12,36,1,product,"P(1,1,1,1,1,1,1,1,1)"
10,1,1,0,1,sum,"S(1,1,1,1,1,1,1,1,1,1)"
10,1,2,5,1,sum,"S(P(1,1),P(1,1),P(1,1),P(1,1),P(1,1))"
10,1,3,10,1,sum,"S(P(1,1,1),P(1,1,1),P(S(1,1),S(1,1)))"
10,1,4,15,1,sum,"S(P(1,1,1,1),P(S(1,1,1),S(1,1,1)))"
10,1,5,20,1,sum,"S(P(1,1,1,1,1),P(1,1,1,1,1))"
10,1,6,25,1,product,"P(S(1,1,1,1,1),S(1,1,1,1,1))"
10,1,7,30,1,product,"P(S(1,1,1,1),S(P(1,1,1),P(1,1,1)))"
10,1,8,35,1,product,"P(S(1,1,1),S(1,1,1),S(P(1,1),P(1,1)))"
10,1,9,40,1,product,"P(S(1,1),S(1,1),S(1,1),S(1,1),S(1,1))"
10,1,10,45,1,product,"P(1,1,1,1,1,1,1,1,1,1)"
10,1,11,45,1,product,"P(1,1,1,1,1,1,1,1,1,1)"
10,1,12,45,1,product,"P(1,1,1,1,1,1,1,1,1,1)"
10,2,2,13,1,product,"P(1,S(1,P(1,1),P(1,1),P(1,1),P(1,1)))"
10,2,3,18,1,product,"P(1,S(P(1,1,1),P(1,1,1),P(1,1,1)))"
10,2,4,21,1,product,"P(1,S(1,P(1,1,1,1),P(1,1,1,1)))"
10,2,5,25,1,product,"P(1,S(P(1,1,1,1),P(1,1,1,1,1)))"
10,2,6,29,2,product,"P(1,S(1,P(S(P(1,1),P(1,1)),S(P(1,1),P(1,1)))));P(S(1,P(1,1),P(1,1)),S(1,P(1,1),P(1,1)))"
10,2,7,35,1,product,"P(1,S(P(1,1),P(1,1)),S(P(1,1),P(1,1,1)))"
10,2,8,39,1,product,"P(1,S(1,P(1,1)),S(1,P(1,1)),S(1,P(1,1)))"
10,2,9,45,1,product,"P(1,1,1,1,1,1,1,1,1,1)"
10,2,10,45,1,product,"P(1,1,1,1,1,1,1,1,1,1)"
10,2,11,45,1,product,"P(1,1,1,1,1,1,1,1,1,1)"
10,2,12,45,1,product,"P(1,1,1,1,1,1,1,1,1,1)"
10,3,3,24,2,product,"P(1,1,S(P(1,1),P(1,1,1),P(1,1,1)));P(S(1,1),S(P(S(1,1),S(1,1)),P(S(1,1),S(1,1))))"
10,3,4,29,1,product,"P(1,1,S(P(1,1,1,1),P(1,1,1,1)))"
10,3,5,30,1,product,"P(1,1,S(P(1,1,1),P(1,1,1,1,1)))"
10,3,6,33,4,product,"P(1,1,S(P(1,1),P(1,1,1,1,1,1)));P(S(P(1,1),P(1,1,1)),S(P(1,1),P(1,1,1)));P(S(1,P(S(1,1),S(1,1))),S(P(1,1),P(1,1,1)));P(S(1,P(S(1,1),S(1,1))),S(1,P(S(1,1),S(1,1))))"
10,3,7,40,1,product,"P(S(1,1),S(1,1),S(1,1),S(1,1),S(1,1))"
10,3,8,45,1,product,"P(1,1,1,1,1,1,1,1,1,1)"
10,3,9,45,1,product,"P(1,1,1,1,1,1,1,1,1,1)"
10,3,10,45,1,product,"P(1,1,1,1,1,1,1,1,1,1)"
10,3,11,45,1,product,"P(1,1,1,1,1,1,1,1,1,1)"
10,3,12,45,1,product,"P(1,1,1,1,1,1,1,1,1,1)"
10,4,4,33,1,product,"P(1,1,1,S(P(1,1,1),P(1,1,1,1)))"
10,4,5,35,1,product,"P(1,1,1,S(P(1,1),P(1,1,1,1,1)))"
10,4,6,39,1,product,"P(1,1,1,S(1,P(1,1,1,1,1,1)))"
10,4,7,45,1,product,"P(1,1,1,1,1,1,1,1,1,1)"
10,4,8,45,1,product,"P(1,1,1,1,1,1,1,1,1,1)"
10,4,9,45,1,product,"P(1,1,1,1,1,1,1,1,1,1)"
10,4,10,45,1,product,"P(1,1,1,1,1,1,1,1,1,1)"
10,4,11,45,1,product,"P(1,1,1,1,1,1,1,1,1,1)"
10,4,12,45,1,product,"P(1,1,1,1,1,1,1,1,1,1)"
10,5,5,40,2,product,"P(1,1,1,1,S(1,P(1,1,1,1,1)));P(S(1,1),S(1,1),S(1,1),S(1,1),S(1,1))"
10,5,6,45,1,product,"P(1,1,1,1,1,1,1,1,1,1)"
10,5,7,45,1,product,"P(1,1,1,1,1,1,1,1,1,1)"
10,5,8,45,1,product,"P(1,1,1,1,1,1,1,1,1,1)"
10,5,9,45,1,product,"P(1,1,1,1,1,1,1,1,1,1)"
10,5,10,45,1,product,"P(1,1,1,1,1,1,1,1,1,1)"
10,5,11,45,1,product,"P(1,1,1,1,1,1,1,1,1,1)"
10,5,12,45,1,product,"P(1,1,1,1,1,1,1,1,1,1)"
10,6,6,45,1,product,"P(1,1,1,1,1,1,1,1,1,1)"
10,6,7,45,1,product,"P(1,1,1,1,1,1,1,1,1,1)"
10,6,8,45,1,product,"P(1,1,1,1,1,1,1,1,1,1)"
10,6,9,45,1,product,"P(1,1,1,1,1,1,1,1,1,1)"
10,6,10,45,1,product,"P(1,1,1,1,1,1,1,1,1,1)"
10,6,11,45,1,product,"P(1,1,1,1,1,1,1,1,1,1)"
10,6,12,45,1,product,"P(1,1,1,1,1,1,1,1,1,1)"
10,7,7,45,1,product,"P(1,1,1,1,1,1,1,1,1,1)"
10,7,8,45,1,product,"P(1,1,1,1,1,1,1,1,1,1)"
10,7,9,45,1,product,"P(1,1,1,1,1,1,1,1,1,1)"
10,7,10,45,1,product,"P(1,1,1,1,1,1,1,1,1,1)"
10,7,11,45,1,product,"P(1,1,1,1,1,1,1,1,1,1)"
10,7,12,45,1,product,"P(1,1,1,1,1,1,1,1,1,1)"
10,8,8,45,1,product,"P(1,1,1,1,1,1,1,1,1,1)"
10,8,9,45,1,product,"P(1,1,1,1,1,1,1,1,1,1)"
10,8,10,45,1,product,"P(1,1,1,1,1,1,1,1,1,1)"
10,8,11,45,1,product,"P(1,1,1,1,1,1,1,1,1,1)"
10,8,12,45,1,product,"P(1,1,1,1,1,1,1,1,1,1)"
10,9,9,45,1,product,"P(1,1,1,1,1,1,1,1,1,1)"
10,9,10,45,1,product,"P(1,1,1,1,1,1,1,1,1,1)"
10,9,11,45,1,product,"P(1,1,1,1,1,1,1,1,1,1)"
10,9,12,45,1,product,"P(1,1,1,1,1,1,1,1,1,1)"
10,10,10,45,1,product,"P(1,1,1,1,1,1,1,1,1,1)"
10,10,11,45,1,product,"P(1,1,1,1,1,1,1,1,1,1)"
10,10,12,45,1,product,"P(1,1,1,1,1,1,1,1,1,1)"
10,11,11,45,1,product,"P(1,1,1,1,1,1,1,1,1,1)"
10,11,12,45,1,product,"P(1,1,1,1,1,1,1,1,1,1)"
10,12,12,45,1,product,"P(1,1,1,1,1,1,1,1,1,1)"
11,1,1,0,1,sum,"S(1,1,1,1,1,1,1,1,1,1,1)"
11,1,2,5,1,sum,"S(1,P(1,1),P(1,1),P(1,1),P(1,1),P(1,1))"
11,1,3,11,1,sum,"S(P(1,1,1),P(S(1,1),S(1,1)),P(S(1,1),S(1,1)))"
11,1,4,16,1,sum,"S(P(S(1,1),S(1,P(1,1))),P(S(1,1,1),S(1,1,1)))"
11,1,5,22,1,sum,"S(P(1,1,1,1,1),P(S(1,1),S(1,1),S(1,1)))"
11,1,6,25,2,sum,"S(P(1,1,1,1,1),P(1,1,1,1,1,1));S(1,P(S(1,1,1,1,1),S(1,1,1,1,1)))"
11,1,7,33,1,product,"P(S(1,1,1,1,1),S(P(1,1),P(1,1),P(1,1)))"
11,1,8,38,1,product,"P(S(1,P(1,1),P(1,1)),S(P(1,1,1),P(1,1,1)))"
11,1,9,44,1,product,"P(S(1,1,1),S(P(1,1),P(1,1)),S(P(1,1),P(1,1)))"
11,1,10,49,1,product,"P(S(1,1),S(1,1),S(1,1),S(1,1),S(1,P(1,1)))"
11,1,11,55,1,product,"P(1,1,1,1,1,1,1,1,1,1,1)"
11,1,12,55,1,product,"P(1,1,1,1,1,1,1,1,1,1,1)"
11,2,2,15,1,product,"P(1,S(P(1,1),P(1,1),P(1,1),P(1,1),P(1,1)))"
11,2,3,19,1,product,"P(1,S(1,P(1,1,1),P(1,1,1),P(1,1,1)))"
11,2,4,23,1,product,"P(1,S(P(1,1),P(1,1,1,1),P(1,1,1,1)))"
11,2,5,30,1,product,"P(1,S(P(1,1,1,1,1),P(1,1,1,1,1)))"
11,2,6,31,2,product,"P(1,S(P(1,1,1,1),P(1,1,1,1,1,1)));P(1,S(P(1,1),P(S(P(1,1),P(1,1)),S(P(1,1),P(1,1)))))"
11,2,7,39,1,product,"P(1,S(1,P(1,1),P(1,1)),S(1,P(1,1),P(1,1)))"
11,2,8,43,2,product,"P(1,S(P(1,1),P(1,1)),S(P(1,1),P(1,1,1,1)));P(1,S(P(1,1),P(1,1,1)),S(P(1,1),P(1,1,1)))"
11,2,9,48,1,product,"P(1,S(1,P(1,1)),S(1,P(1,1)),S(1,P(1,1,1)))"
11,2,10,55,1,product,"P(1,1,1,1,1,1,1,1,1,1,1)"
11,2,11,55,1,product,"P(1,1,1,1,1,1,1,1,1,1,1)"
11,2,12,55,1,product,"P(1,1,1,1,1,1,1,1,1,1,1)"
11,3,3,28,1,product,"P(1,1,S(P(1,1,1),P(1,1,1),P(1,1,1)))"
11,3,4,31,1,product,"P(1,1,S(1,P(1,1,1,1),P(1,1,1,1)))"
11,3,5,35,1,product,"P(1,1,S(P(1,1,1,1),P(1,1,1,1,1)))"
11,3,6,37,1,product,"P(1,1,S(P(1,1,1),P(1,1,1,1,1,1)))"
11,3,7,43,1,product,"P(1,S(P(1,1),P(1,1,1)),S(P(1,1),P(1,1,1)))"
11,3,8,48,2,product,"P(1,1,S(1,P(1,1,1)),S(1,P(1,1,1,1)));P(S(1,1),S(1,1),S(1,1),S(1,P(1,1,1,1)))"
11,3,9,55,1,product,"P(1,1,1,1,1,1,1,1,1,1,1)"
11,3,10,55,1,product,"P(1,1,1,1,1,1,1,1,1,1,1)"
11,3,11,55,1,product,"P(1,1,1,1,1,1,1,1,1,1,1)"
11,3,12,55,1,product,"P(1,1,1,1,1,1,1,1,1,1,1)"
11,4,4,39,1,product,"P(1,1,1,S(P(1,1,1,1),P(1,1,1,1)))"
11,4,5,40,1,product,"P(1,1,1,S(P(1,1,1),P(1,1,1,1,1)))"
11,4,6,43,1,product,"P(1,1,1,S(P(1,1),P(1,1,1,1,1,1)))"
11,4,7,48,2,product,"P(1,1,1,S(1,P(1,1,1,1,1,1,1)));P(S(1,1),S(1,P(1,1)),S(1,P(1,1)),S(1,P(1,1)))"
11,4,8,55,1,product,"P(1,1,1,1,1,1,1,1,1,1,1)"
11,4,9,55,1,product,"P(1,1,1,1,1,1,1,1,1,1,1)"
11,4,10,55,1,product,"P(1,1,1,1,1,1,1,1,1,1,1)"
11,4,11,55,1,product,"P(1,1,1,1,1,1,1,1,1,1,1)"
11,4,12,55,1,product,"P(1,1,1,1,1,1,1,1,1,1,1)"
11,5,5,45,1,product,"P(1,1,1,1,S(P(1,1),P(1,1,1,1,1)))"
11,5,6,49,1,product,"P(1,1,1,1,S(1,P(1,1,1,1,1,1)))"
11,5,7,55,1,product,"P(1,1,1,1,1,1,1,1,1,1,1)"
11,5,8,55,1,product,"P(1,1,1,1,1,1,1,1,1,1,1)"
11,5,9,55,1,product,"P(1,1,1,1,1,1,1,1,1,1,1)"
11,5,10,55,1,product,"P(1,1,1,1,1,1,1,1,1,1,1)"
11,5,11,55,1,product,"P(1,1,1,1,1,1,1,1,1,1,1)"
11,5,12,55,1,product,"P(1,1,1,1,1,1,1,1,1,1,1)"
11,6,6,55,1,product,"P(1,1,1,1,1,1,1,1,1,1,1)"
11,6,7,55,1,product,"P(1,1,1,1,1,1,1,1,1,1,1)"
11,6,8,55,1,product,"P(1,1,1,1,1,1,1,1,1,1,1)"
11,6,9,55,1,product,"P(1,1,1,1,1,1,1,1,1,1,1)"
11,6,10,55,1,product,"P(1,1,1,1,1,1,1,1,1,1,1)"
11,6,11,55,1,product,"P(1,1,1,1,1,1,1,1,1,1,1)"
11,6,12,55,1,product,"P(1,1,1,1,1,1,1,1,1,1,1)"
11,7,7,55,1,product,"P(1,1,1,1,1,1,1,1,1,1,1)"
11,7,8,55,1,product,"P(1,1,1,1,1,1,1,1,1,1,1)"
11,7,9,55,1,product,"P(1,1,1,1,1,1,1,1,1,1,1)"
11,7,10,55,1,product,"P(1,1,1,1,1,1,1,1,1,1,1)"
11,7,11,55,1,product,"P(1,1,1,1,1,1,1,1,1,1,1)"
11,7,12,55,1,product,"P(1,1,1,1,1,1,1,1,1,1,1)"
11,8,8,55,1,product,"P(1,1,1,1,1,1,1,1,1,1,1)"
11,8,9,55,1,product,"P(1,1,1,1,1,1,1,1,1,1,1)"
11,8,10,55,1,product,"P(1,1,1,1,1,1,1,1,1,1,1)"
11,8,11,55,1,product,"P(1,1,1,1,1,1,1,1,1,1,1)"
11,8,12,55,1,product,"P(1,1,1,1,1,1,1,1,1,1,1)"
11,9,9,55,1,product,"P(1,1,1,1,1,1,1,1,1,1,1)"
11,9,10,55,1,product,"P(1,1,1,1,1,1,1,1,1,1,1)"
11,9,11,55,1,product,"P(1,1,1,1,1,1,1,1,1,1,1)"
11,9,12,55,1,product,"P(1,1,1,1,1,1,1,1,1,1,1)"
11,10,10,55,1,product,"P(1,1,1,1,1,1,1,1,1,1,1)"
11,10,11,55,1,product,"P(1,1,1,1,1,1,1,1,1,1,1)"
11,10,12,55,1,product,"P(1,1,1,1,1,1,1,1,1,1,1)"
11,11,11,55,1,product,"P(1,1,1,1,1,1,1,1,1,1,1)"
11,11,12,55,1,product,"P(1,1,1,1,1,1,1,1,1,1,1)"
11,12,12,55,1,product,"P(1,1,1,1,1,1,1,1,1,1,1)"
12,1,1,0,1,sum,"S(1,1,1,1,1,1,1,1,1,1,1,1)"
12,1,2,6,1,sum,"S(P(1,1),P(1,1),P(1,1),P(1,1),P(1,1),P(1,1))"
12,1,3,12,2,sum,"S(P(1,1,1),P(1,1,1),P(1,1,1),P(1,1,1));S(P(S(1,1),S(1,1)),P(S(1,1),S(1,1)),P(S(1,1),S(1,1)))"
12,1,4,18,2,sum,"S(P(1,1,1,1),P(1,1,1,1),P(1,1,1,1));S(P(S(1,1,1),S(1,1,1)),P(S(1,1,1),S(1,1,1)))"
12,1,5,24,2,sum,"S(P(S(1,1),S(1,1),S(1,1)),P(S(1,1),S(1,1),S(1,1)));S(P(1,1,1,1,1),P(S(1,1,1),S(P(1,1),P(1,1))))"
12,1,6,30,1,sum,"S(P(1,1,1,1,1,1),P(1,1,1,1,1,1))"
12,1,7,36,1,product,"P(S(1,1,1,1,1,1),S(1,1,1,1,1,1))"
12,1,8,42,2,product,"P(S(1,1,1,1,1),S(P(1,1,1),P(S(1,1),S(1,1))));P(S(P(1,1),P(1,1),P(1,1)),S(P(1,1),P(1,1),P(1,1)))"
12,1,9,48,2,product,"P(S(1,1,1,1),S(1,1,1,1),S(1,1,1,1));P(S(P(1,1,1),P(1,1,1)),S(P(1,1,1),P(1,1,1)))"
12,1,10,54,2,product,"P(S(1,1,1),S(1,1,1),S(1,1,1),S(1,1,1));P(S(P(1,1),P(1,1)),S(P(1,1),P(1,1)),S(P(1,1),P(1,1)))"
12,1,11,60,1,product,"P(S(1,1),S(1,1),S(1,1),S(1,1),S(1,1),S(1,1))"
12,1,12,66,1,product,"P(1,1,1,1,1,1,1,1,1,1,1,1)"
12,2,2,16,1,product,"P(1,S(1,P(1,1),P(1,1),P(1,1),P(1,1),P(1,1)))"
12,2,3,21,1,product,"P(1,S(P(1,1),P(1,1,1),P(1,1,1),P(1,1,1)))"
12,2,4,26,1,product,"P(1,S(P(1,1,1),P(1,1,1,1),P(1,1,1,1)))"
12,2,5,32,1,product,"P(1,S(P(1,1,1,1,1),P(S(1,P(1,1)),S(1,P(1,1)))))"
12,2,6,36,1,product,"P(1,S(P(1,1,1,1,1),P(1,1,1,1,1,1)))"
12,2,7,42,1,product,"P(S(P(1,1),P(1,1),P(1,1)),S(P(1,1),P(1,1),P(1,1)))"
12,2,8,49,1,product,"P(1,S(1,P(1,1),P(1,1)),S(P(1,1,1),P(1,1,1)))"
12,2,9,54,1,product,"P(S(P(1,1),P(1,1)),S(P(1,1),P(1,1)),S(P(1,1),P(1,1)))"
12,2,10,58,3,product,"P(1,S(1,P(1,1)),S(1,P(1,1)),S(1,P(1,1,1,1)));P(1,S(1,P(1,1)),S(1,P(1,1,1)),S(1,P(1,1,1)));P(S(1,P(1,1)),S(1,P(1,1)),S(1,P(1,1)),S(1,P(1,1)))"
12,2,11,66,1,product,"P(1,1,1,1,1,1,1,1,1,1,1,1)"
12,2,12,66,1,product,"P(1,1,1,1,1,1,1,1,1,1,1,1)"
12,3,3,30,2,product,"P(1,1,S(1,P(1,1,1),P(1,1,1),P(1,1,1)));P(S(1,1),S(P(1,1,1),P(1,1,1),P(S(1,1),S(1,1))))"
12,3,4,34,1,product,"P(1,1,S(P(1,1),P(1,1,1,1),P(1,1,1,1)))"
12,3,5,41,1,product,"P(1,1,S(P(1,1,1,1,1),P(1,1,1,1,1)))"
12,3,6,42,1,product,"P(1,1,S(P(1,1,1,1),P(1,1,1,1,1,1)))"
12,3,7,48,1,product,"P(S(P(1,1,1),P(1,1,1)),S(P(1,1,1),P(1,1,1)))"
12,3,8,54,1,product,"P(1,1,S(P(1,1),P(1,1,1)),S(P(1,1),P(1,1,1)))"
12,3,9,60,1,product,"P(S(1,1),S(1,1),S(1,1),S(1,1),S(1,1),S(1,1))"
12,3,10,66,1,product,"P(1,1,1,1,1,1,1,1,1,1,1,1)"
12,3,11,66,1,product,"P(1,1,1,1,1,1,1,1,1,1,1,1)"
12,3,12,66,1,product,"P(1,1,1,1,1,1,1,1,1,1,1,1)"
12,4,4,42,1,product,"P(1,1,1,S(1,P(1,1,1,1),P(1,1,1,1)))"
12,4,5,46,1,product,"P(1,1,1,S(P(1,1,1,1),P(1,1,1,1,1)))"
12,4,6,48,1,product,"P(1,1,1,S(P(1,1,1),P(1,1,1,1,1,1)))"
12,4,7,54,1,product,"P(S(1,1,1),S(1,1,1),S(1,1,1),S(1,1,1))"
12,4,8,58,3,product,"P(1,1,1,S(1,P(1,1,1,1,1,1,1,1)));P(1,1,S(1,P(1,1,1,1)),S(1,P(1,1,1,1)));P(S(1,P(1,1)),S(1,P(1,1)),S(1,P(1,1)),S(1,P(1,1)))"
12,4,9,66,1,product,"P(1,1,1,1,1,1,1,1,1,1,1,1)"
12,4,10,66,1,product,"P(1,1,1,1,1,1,1,1,1,1,1,1)"
12,4,11,66,1,product,"P(1,1,1,1,1,1,1,1,1,1,1,1)"
12,4,12,66,1,product,"P(1,1,1,1,1,1,1,1,1,1,1,1)"
12,5,5,51,1,product,"P(1,1,1,1,S(P(1,1,1),P(1,1,1,1,1)))"
12,5,6,54,2,product,"P(1,1,1,1,S(P(1,1),P(1,1,1,1,1,1)));P(S(P(1,1),P(1,1)),S(P(1,1),P(1,1)),S(P(1,1),P(1,1)))"
12,5,7,60,1,product,"P(S(1,1),S(1,1),S(1,1),S(1,1),S(1,1),S(1,1))"
12,5,8,66,1,product,"P(1,1,1,1,1,1,1,1,1,1,1,1)"
12,5,9,66,1,product,"P(1,1,1,1,1,1,1,1,1,1,1,1)"
12,5,10,66,1,product,"P(1,1,1,1,1,1,1,1,1,1,1,1)"
12,5,11,66,1,product,"P(1,1,1,1,1,1,1,1,1,1,1,1)"
12,5,12,66,1,product,"P(1,1,1,1,1,1,1,1,1,1,1,1)"
12,6,6,60,1,product,"P(1,1,1,1,1,S(1,P(1,1,1,1,1,1)))"
12,6,7,66,1,product,"P(1,1,1,1,1,1,1,1,1,1,1,1)"
12,6,8,66,1,product,"P(1,1,1,1,1,1,1,1,1,1,1,1)"
12,6,9,66,1,product,"P(1,1,1,1,1,1,1,1,1,1,1,1)"
12,6,10,66,1,product,"P(1,1,1,1,1,1,1,1,1,1,1,1)"
12,6,11,66,1,product,"P(1,1,1,1,1,1,1,1,1,1,1,1)"
12,6,12,66,1,product,"P(1,1,1,1,1,1,1,1,1,1,1,1)"
12,7,7,66,1,product,"P(1,1,1,1,1,1,1,1,1,1,1,1)"
12,7,8,66,1,product,"P(1,1,1,1,1,1,1,1,1,1,1,1)"
12,7,9,66,1,product,"P(1,1,1,1,1,1,1,1,1,1,1,1)"
12,7,10,66,1,product,"P(1,1,1,1,1,1,1,1,1,1,1,1)"
12,7,11,66,1,product,"P(1,1,1,1,1,1,1,1,1,1,1,1)"
12,7,12,66,1,product,"P(1,1,1,1,1,1,1,1,1,1,1,1)"
12,8,8,66,1,product,"P(1,1,1,1,1,1,1,1,1,1,1,1)"
12,8,9,66,1,product,"P(1,1,1,1,1,1,1,1,1,1,1,1)"
12,8,10,66,1,product,"P(1,1,1,1,1,1,1,1,1,1,1,1)"
12,8,11,66,1,product,"P(1,1,1,1,1,1,1,1,1,1,1,1)"
12,8,12,66,1,product,"P(1,1,1,1,1,1,1,1,1,1,1,1)"
12,9,9,66,1,product,"P(1,1,1,1,1,1,1,1,1,1,1,1)"
12,9,10,66,1,product,"P(1,1,1,1,1,1,1,1,1,1,1,1)"
12,9,11,66,1,product,"P(1,1,1,1,1,1,1,1,1,1,1,1)"
12,9,12,66,1,product,"P(1,1,1,1,1,1,1,1,1,1,1,1)"
12,10,10,66,1,product,"P(1,1,1,1,1,1,1,1,1,1,1,1)"
12,10,11,66,1,product,"P(1,1,1,1,1,1,1,1,1,1,1,1)"
12,10,12,66,1,product,"P(1,1,1,1,1,1,1,1,1,1,1,1)"
12,11,11,66,1,product,"P(1,1,1,1,1,1,1,1,1,1,1,1)"
12,11,12,66,1,product,"P(1,1,1,1,1,1,1,1,1,1,1,1)"
12,12,12,66,1,product,"P(1,1,1,1,1,1,1,1,1,1,1,1)"
13,1,1,0,1,sum,"S(1,1,1,1,1,1,1,1,1,1,1,1,1)"
13,1,2,6,1,sum,"S(1,P(1,1),P(1,1),P(1,1),P(1,1),P(1,1),P(1,1))"
13,1,3,13,1,sum,"S(P(1,1,1),P(1,1,1),P(1,1,1),P(S(1,1),S(1,1)))"
13,1,4,19,1,sum,"S(P(1,1,1,1),P(1,1,1,1),P(S(1,1),S(1,P(1,1))))"
13,1,5,26,2,sum,"S(P(S(1,1),S(1,1),S(1,1)),P(S(1,1,1),S(P(1,1),P(1,1))));S(P(1,1,1,1,1),P(S(1,1,1,1),S(1,1,1,1)))"
13,1,6,32,1,sum,"S(P(1,1,1,1,1,1),P(S(1,1),S(1,1),S(1,P(1,1))))"
13,1,7,36,2,sum,"S(P(1,1,1,1,1,1),P(1,1,1,1,1,1,1));S(1,P(S(1,1,1,1,1,1),S(1,1,1,1,1,1)))"
13,1,8,45,1,product,"P(S(1,1,1,1,1,1),S(1,P(1,1),P(1,1),P(1,1)))"
13,1,9,52,2,product,"P(S(1,1,1,1,1),S(P(1,1,1,1),P(1,1,1,1)));P(S(P(1,1),P(1,1),P(1,1)),S(P(1,1,1),P(S(1,1),S(1,1))))"
13,1,10,58,1,product,"P(S(1,1,1,1),S(1,1,1,1),S(1,P(1,1),P(1,1)))"
13,1,11,65,1,product,"P(S(1,1,1),S(1,1,1),S(1,1,1),S(P(1,1),P(1,1)))"
13,1,12,71,1,product,"P(S(1,1),S(1,1),S(1,1),S(1,1),S(1,1),S(1,P(1,1)))"
13,2,2,18,1,product,"P(1,S(P(1,1),P(1,1),P(1,1),P(1,1),P(1,1),P(1,1)))"
13,2,3,24,1,product,"P(1,S(P(1,1,1),P(1,1,1),P(1,1,1),P(1,1,1)))"
13,2,4,30,1,product,"P(1,S(P(1,1,1,1),P(1,1,1,1),P(1,1,1,1)))"
13,2,5,34,1,product,"P(1,S(P(S(1,P(1,1)),S(1,P(1,1))),P(S(1,P(1,1)),S(1,P(1,1)))))"
13,2,6,42,1,product,"P(1,S(P(1,1,1,1,1,1),P(1,1,1,1,1,1)))"
13,2,7,43,1,product,"P(1,S(P(1,1,1,1,1),P(1,1,1,1,1,1,1)))"
13,2,8,54,1,product,"P(1,S(P(1,1),P(1,1),P(1,1)),S(P(1,1),P(1,1),P(1,1)))"
13,2,9,60,1,product,"P(1,S(P(1,1,1),P(1,1,1)),S(P(1,1,1),P(1,1,1)))"
13,2,10,66,1,product,"P(1,S(P(1,1),P(1,1)),S(P(1,1),P(1,1)),S(P(1,1),P(1,1)))"
13,2,11,70,1,product,"P(1,S(1,P(1,1)),S(1,P(1,1)),S(1,P(1,1)),S(1,P(1,1)))"
13,2,12,78,1,product,"P(1,1,1,1,1,1,1,1,1,1,1,1,1)"
13,3,3,33,2,product,"P(1,1,S(P(1,1),P(1,1,1),P(1,1,1),P(1,1,1)));P(S(1,1),S(P(1,1,1),P(S(1,1),S(1,1)),P(S(1,1),S(1,1))))"
13,3,4,38,1,product,"P(1,1,S(P(1,1,1),P(1,1,1,1),P(1,1,1,1)))"
13,3,5,44,1,product,"P(S(1,1),S(P(1,1,1,1,1),P(S(1,1),S(1,1),S(1,1))))"
13,3,6,48,1,product,"P(1,1,S(P(1,1,1,1,1),P(1,1,1,1,1,1)))"
13,3,7,50,1,product,"P(1,1,S(P(1,1,1,1),P(1,1,1,1,1,1,1)))"
13,3,8,60,1,product,"P(1,S(P(1,1,1),P(1,1,1)),S(P(1,1,1),P(1,1,1)))"
13,3,9,64,1,product,"P(1,1,S(P(1,1),P(1,1,1)),S(P(1,1),P(1,1,1,1)))"
13,3,10,70,1,product,"P(S(1,1),S(1,1),S(1,1),S(1,1),S(1,P(1,1,1,1)))"
13,3,11,78,1,product,"P(1,1,1,1,1,1,1,1,1,1,1,1,1)"
13,3,12,78,1,product,"P(1,1,1,1,1,1,1,1,1,1,1,1,1)"
13,4,4,46,1,product,"P(1,1,1,S(P(1,1),P(1,1,1,1),P(1,1,1,1)))"
13,4,5,53,1,product,"P(1,1,1,S(P(1,1,1,1,1),P(1,1,1,1,1)))"
13,4,6,54,1,product,"P(1,1,1,S(P(1,1,1,1),P(1,1,1,1,1,1)))"
13,4,7,57,2,product,"P(1,1,1,S(P(1,1,1),P(1,1,1,1,1,1,1)));P(S(1,1,1),S(1,P(S(1,1,1),S(1,1,1),S(1,1,1))))"
13,4,8,62,4,product,"P(1,1,1,S(P(1,1),P(1,1,1,1,1,1,1,1)));P(1,S(P(1,1),P(1,1,1,1)),S(P(1,1),P(1,1,1,1)));P(S(1,1,1),S(1,1,1),S(P(1,1),P(1,1,1,1,1)));P(S(1,1,1),S(1,1,1),S(1,P(S(1,P(1,1)),S(1,P(1,1)))))"
13,4,9,70,1,product,"P(1,1,1,S(1,P(1,1,1,1)),S(1,P(1,1,1,1)))"
13,4,10,78,1,product,"P(1,1,1,1,1,1,1,1,1,1,1,1,1)"
13,4,11,78,1,product,"P(1,1,1,1,1,1,1,1,1,1,1,1,1)"
13,4,12,78,1,product,"P(1,1,1,1,1,1,1,1,1,1,1,1,1)"
13,5,5,58,1,product,"P(1,1,1,1,S(P(1,1,1,1),P(1,1,1,1,1)))"
13,5,6,60,1,product,"P(1,1,1,1,S(P(1,1,1),P(1,1,1,1,1,1)))"
13,5,7,64,2,product,"P(1,1,1,1,S(P(1,1),P(1,1,1,1,1,1,1)));P(S(1,1),S(1,1),S(1,P(S(1,1),S(1,1),S(1,1),S(1,1))))"
13,5,8,70,2,product,"P(1,1,1,1,S(1,P(1,1,1,1,1,1,1,1)));P(1,S(1,P(1,1)),S(1,P(1,1)),S(1,P(1,1)),S(1,P(1,1)))"
13,5,9,78,1,product,"P(1,1,1,1,1,1,1,1,1,1,1,1,1)"
13,5,10,78,1,product,"P(1,1,1,1,1,1,1,1,1,1,1,1,1)"
13,5,11,78,1,product,"P(1,1,1,1,1,1,1,1,1,1,1,1,1)"
13,5,12,78,1,product,"P(1,1,1,1,1,1,1,1,1,1,1,1,1)"
13,6,6,66,2,product,"P(1,1,1,1,1,S(P(1,1),P(1,1,1,1,1,1)));P(1,S(P(1,1),P(1,1)),S(P(1,1),P(1,1)),S(P(1,1),P(1,1)))"
13,6,7,71,1,product,"P(1,1,1,1,1,S(1,P(1,1,1,1,1,1,1)))"
13,6,8,78,1,product,"P(1,1,1,1,1,1,1,1,1,1,1,1,1)"
13,6,9,78,1,product,"P(1,1,1,1,1,1,1,1,1,1,1,1,1)"
13,6,10,78,1,product,"P(1,1,1,1,1,1,1,1,1,1,1,1,1)"
13,6,11,78,1,product,"P(1,1,1,1,1,1,1,1,1,1,1,1,1)"
13,6,12,78,1,product,"P(1,1,1,1,1,1,1,1,1,1,1,1,1)"
13,7,7,78,1,product,"P(1,1,1,1,1,1,1,1,1,1,1,1,1)"
13,7,8,78,1,product,"P(1,1,1,1,1,1,1,1,1,1,1,1,1)"
13,7,9,78,1,product,"P(1,1,1,1,1,1,1,1,1,1,1,1,1)"
13,7,10,78,1,product,"P(1,1,1,1,1,1,1,1,1,1,1,1,1)"
13,7,11,78,1,product,"P(1,1,1,1,1,1,1,1,1,1,1,1,1)"
13,7,12,78,1,product,"P(1,1,1,1,1,1,1,1,1,1,1,1,1)"
13,8,8,78,1,product,"P(1,1,1,1,1,1,1,1,1,1,1,1,1)"
13,8,9,78,1,product,"P(1,1,1,1,1,1,1,1,1,1,1,1,1)"
13,8,10,78,1,product,"P(1,1,1,1,1,1,1,1,1,1,1,1,1)"
13,8,11,78,1,product,"P(1,1,1,1,1,1,1,1,1,1,1,1,1)"
13,8,12,78,1,product,"P(1,1,1,1,1,1,1,1,1,1,1,1,1)"
13,9,9,78,1,product,"P(1,1,1,1,1,1,1,1,1,1,1,1,1)"
13,9,10,78,1,product,"P(1,1,1,1,1,1,1,1,1,1,1,1,1)"
13,9,11,78,1,product,"P(1,1,1,1,1,1,1,1,1,1,1,1,1)"
13,9,12,78,1,product,"P(1,1,1,1,1,1,1,1,1,1,1,1,1)"
13,10,10,78,1,product,"P(1,1,1,1,1,1,1,1,1,1,1,1,1)"
13,10,11,78,1,product,"P(1,1,1,1,1,1,1,1,1,1,1,1,1)"
13,10,12,78,1,product,"P(1,1,1,1,1,1,1,1,1,1,1,1,1)"
13,11,11,78,1,product,"P(1,1,1,1,1,1,1,1,1,1,1,1,1)"
13,11,12,78,1,product,"P(1,1,1,1,1,1,1,1,1,1,1,1,1)"
13,12,12,78,1,product,"P(1,1,1,1,1,1,1,1,1,1,1,1,1)"
14,1,1,0,1,sum,"S(1,1,1,1,1,1,1,1,1,1,1,1,1,1)"
14,1,2,7,1,sum,"S(P(1,1),P(1,1),P(1,1),P(1,1),P(1,1),P(1,1),P(1,1))"
14,1,3,14,1,sum,"S(P(1,1,1),P(1,1,1),P(S(1,1),S(1,1)),P(S(1,1),S(1,1)))"
14,1,4,21,1,sum,"S(P(1,1,1,1),P(1,1,1,1),P(S(1,1,1),S(1,1,1)))"
14,1,5,28,2,sum,"S(P(S(1,1,1),S(P(1,1),P(1,1))),P(S(1,1,1),S(P(1,1),P(1,1))));S(P(S(1,1),S(1,1),S(1,1)),P(S(1,1,1,1),S(1,1,1,1)))"
14,1,6,35,1,sum,"S(P(1,1,1,1,1,1),P(S(P(1,1),P(1,1)),S(P(1,1),P(1,1))))"
14,1,7,42,1,sum,"S(P(1,1,1,1,1,1,1),P(1,1,1,1,1,1,1))"
14,1,8,49,1,product,"P(S(1,1,1,1,1,1,1),S(1,1,1,1,1,1,1))"
14,1,9,56,1,product,"P(S(1,1,1,1,1,1),S(P(S(1,1),S(1,1)),P(S(1,1),S(1,1))))"
14,1,10,63,2,product,"P(S(P(1,1),P(1,1),P(1,1)),S(P(1,1,1,1),P(1,1,1,1)));P(S(P(1,1,1),P(S(1,1),S(1,1))),S(P(1,1,1),P(S(1,1),S(1,1))))"
14,1,11,70,1,product,"P(S(1,1,1,1),S(1,1,1,1),S(P(1,1,1),P(1,1,1)))"
14,1,12,77,1,product,"P(S(1,1,1),S(1,1,1),S(P(1,1),P(1,1)),S(P(1,1),P(1,1)))"
14,2,2,19,1,product,"P(1,S(1,P(1,1),P(1,1),P(1,1),P(1,1),P(1,1),P(1,1)))"
14,2,3,25,1,product,"P(1,S(1,P(1,1,1),P(1,1,1),P(1,1,1),P(1,1,1)))"
14,2,4,31,1,product,"P(1,S(1,P(1,1,1,1),P(1,1,1,1),P(1,1,1,1)))"
14,2,5,36,1,product,"P(1,S(P(1,1,1),P(1,1,1,1,1),P(1,1,1,1,1)))"
14,2,6,44,1,product,"P(1,S(P(1,1,1,1,1,1),P(S(1,P(1,1)),S(1,P(1,1,1)))))"
14,2,7,49,1,product,"P(1,S(P(1,1,1,1,1,1),P(1,1,1,1,1,1,1)))"
14,2,8,55,2,product,"P(1,S(1,P(S(P(1,1),P(1,1),P(1,1)),S(P(1,1),P(1,1),P(1,1)))));P(S(1,P(1,1),P(1,1),P(1,1)),S(1,P(1,1),P(1,1),P(1,1)))"
14,2,9,64,1,product,"P(1,S(P(1,1),P(1,1),P(1,1)),S(1,P(1,1,1),P(1,1,1)))"
14,2,10,70,1,product,"P(1,S(P(1,1,1),P(1,1,1)),S(P(1,1,1),P(1,1,1,1)))"
14,2,11,77,1,product,"P(1,S(P(1,1),P(1,1)),S(P(1,1),P(1,1)),S(P(1,1),P(1,1,1)))"
14,2,12,82,1,product,"P(1,S(1,P(1,1)),S(1,P(1,1)),S(1,P(1,1)),S(1,P(1,1,1)))"
14,3,3,37,1,product,"P(1,1,S(P(1,1,1),P(1,1,1),P(1,1,1),P(1,1,1)))"
14,3,4,43,1,product,"P(1,1,S(P(1,1,1,1),P(1,1,1,1),P(1,1,1,1)))"
14,3,5,48,1,product,"P(S(1,1),S(P(S(1,1),S(1,1),S(1,1)),P(S(1,1),S(1,1),S(1,1))))"
14,3,6,55,1,product,"P(1,1,S(P(1,1,1,1,1,1),P(1,1,1,1,1,1)))"
14,3,7,56,1,product,"P(1,1,S(P(1,1,1,1,1),P(1,1,1,1,1,1,1)))"
14,3,8,63,1,product,"P(S(P(1,1,1),P(S(1,1),S(1,1))),S(P(1,1,1),P(S(1,1),S(1,1))))"
14,3,9,73,1,product,"P(1,1,S(P(1,1,1),P(1,1,1)),S(P(1,1,1),P(1,1,1)))"
14,3,10,75,4,product,"P(1,1,S(P(1,1),P(1,1,1)),S(P(1,1),P(1,1,1,1,1)));P(1,1,S(P(1,1),P(1,1,1,1)),S(P(1,1),P(1,1,1,1)));P(S(1,1),S(P(1,1),P(1,1,1)),S(1,P(S(1,1),S(1,1),S(1,1))));P(S(1,1),S(1,P(S(1,1),S(1,1))),S(1,P(S(1,1),S(1,1),S(1,1))))"
14,3,11,84,1,product,"P(S(1,1),S(1,1),S(1,1),S(1,1),S(1,1),S(1,1),S(1,1))"
14,3,12,91,1,product,"P(1,1,1,1,1,1,1,1,1,1,1,1,1,1)"
14,4,4,51,1,product,"P(1,1,1,S(P(1,1,1),P(1,1,1,1),P(1,1,1,1)))"
14,4,5,56,1,product,"P(1,1,1,S(1,P(1,1,1,1,1),P(1,1,1,1,1)))"
14,4,6,61,1,product,"P(1,1,1,S(P(1,1,1,1,1),P(1,1,1,1,1,1)))"
14,4,7,63,1,product,"P(1,1,1,S(P(1,1,1,1),P(1,1,1,1,1,1,1)))"
14,4,8,67,4,product,"P(1,1,1,S(P(1,1,1),P(1,1,1,1,1,1,1,1)));P(S(P(1,1,1),P(1,1,1,1)),S(P(1,1,1),P(1,1,1,1)));P(S(1,P(S(1,1,1),S(1,1,1))),S(P(1,1,1),P(1,1,1,1)));P(S(1,P(S(1,1,1),S(1,1,1))),S(1,P(S(1,1,1),S(1,1,1))))"
14,4,9,75,1,product,"P(1,1,S(P(1,1),P(1,1,1,1)),S(P(1,1),P(1,1,1,1)))"
14,4,10,82,2,product,"P(1,1,1,S(1,P(1,1,1,1)),S(1,P(1,1,1,1,1)));P(S(1,1),S(1,P(1,1)),S(1,P(1,1)),S(1,P(1,1)),S(1,P(1,1)))"
14,4,11,91,1,product,"P(1,1,1,1,1,1,1,1,1,1,1,1,1,1)"
14,4,12,91,1,product,"P(1,1,1,1,1,1,1,1,1,1,1,1,1,1)"
14,5,5,66,1,product,"P(1,1,1,1,S(P(1,1,1,1,1),P(1,1,1,1,1)))"
14,5,6,67,1,product,"P(1,1,1,1,S(P(1,1,1,1),P(1,1,1,1,1,1)))"
14,5,7,70,1,product,"P(1,1,1,1,S(P(1,1,1),P(1,1,1,1,1,1,1)))"
14,5,8,75,1,product,"P(1,1,1,1,S(P(1,1),P(1,1,1,1,1,1,1,1)))"
14,5,9,84,1,product,"P(S(1,1),S(1,1),S(1,1),S(1,1),S(1,1),S(1,1),S(1,1))"
14,5,10,91,1,product,"P(1,1,1,1,1,1,1,1,1,1,1,1,1,1)"
14,5,11,91,1,product,"P(1,1,1,1,1,1,1,1,1,1,1,1,1,1)"
14,5,12,91,1,product,"P(1,1,1,1,1,1,1,1,1,1,1,1,1,1)"
14,6,6,73,1,product,"P(1,1,1,1,1,S(P(1,1,1),P(1,1,1,1,1,1)))"
14,6,7,77,1,product,"P(1,1,1,1,1,S(P(1,1),P(1,1,1,1,1,1,1)))"
14,6,8,83,1,product,"P(1,1,1,1,1,S(1,P(1,1,1,1,1,1,1,1)))"
14,6,9,91,1,product,"P(1,1,1,1,1,1,1,1,1,1,1,1,1,1)"
14,6,10,91,1,product,"P(1,1,1,1,1,1,1,1,1,1,1,1,1,1)"
14,6,11,91,1,product,"P(1,1,1,1,1,1,1,1,1,1,1,1,1,1)"
14,6,12,91,1,product,"P(1,1,1,1,1,1,1,1,1,1,1,1,1,1)"
14,7,7,84,2,product,"P(1,1,1,1,1,1,S(1,P(1,1,1,1,1,1,1)));P(S(1,1),S(1,1),S(1,1),S(1,1),S(1,1),S(1,1),S(1,1))"
14,7,8,91,1,product,"P(1,1,1,1,1,1,1,1,1,1,1,1,1,1)"
14,7,9,91,1,product,"P(1,1,1,1,1,1,1,1,1,1,1,1,1,1)"
14,7,10,91,1,product,"P(1,1,1,1,1,1,1,1,1,1,1,1,1,1)"
14,7,11,91,1,product,"P(1,1,1,1,1,1,1,1,1,1,1,1,1,1)"
14,7,12,91,1,product,"P(1,1,1,1,1,1,1,1,1,1,1,1,1,1)"
14,8,8,91,1,product,"P(1,1,1,1,1,1,1,1,1,1,1,1,1,1)"
14,8,9,91,1,product,"P(1,1,1,1,1,1,1,1,1,1,1,1,1,1)"
14,8,10,91,1,product,"P(1,1,1,1,1,1,1,1,1,1,1,1,1,1)"
14,8,11,91,1,product,"P(1,1,1,1,1,1,1,1,1,1,1,1,1,1)"
14,8,12,91,1,product,"P(1,1,1,1,1,1,1,1,1,1,1,1,1,1)"
14,9,9,91,1,product,"P(1,1,1,1,1,1,1,1,1,1,1,1,1,1)"
14,9,10,91,1,product,"P(1,1,1,1,1,1,1,1,1,1,1,1,1,1)"
14,9,11,91,1,product,"P(1,1,1,1,1,1,1,1,1,1,1,1,1,1)"
14,9,12,91,1,product,"P(1,1,1,1,1,1,1,1,1,1,1,1,1,1)"
14,10,10,91,1,product,"P(1,1,1,1,1,1,1,1,1,1,1,1,1,1)"
14,10,11,91,1,product,"P(1,1,1,1,1,1,1,1,1,1,1,1,1,1)"
14,10,12,91,1,product,"P(1,1,1,1,1,1,1,1,1,1,1,1,1,1)"
14,11,11,91,1,product,"P(1,1,1,1,1,1,1,1,1,1,1,1,1,1)"
14,11,12,91,1,product,"P(1,1,1,1,1,1,1,1,1,1,1,1,1,1)"
14,12,12,91,1,product,"P(1,1,1,1,1,1,1,1,1,1,1,1,1,1)"
15,1,1,0,1,sum,"S(1,1,1,1,1,1,1,1,1,1,1,1,1,1,1)"
15,1,2,7,1,sum,"S(1,P(1,1),P(1,1),P(1,1),P(1,1),P(1,1),P(1,1),P(1,1))"
15,1,3,15,2,sum,"S(P(1,1,1),P(1,1,1),P(1,1,1),P(1,1,1),P(1,1,1));S(P(1,1,1),P(S(1,1),S(1,1)),P(S(1,1),S(1,1)),P(S(1,1),S(1,1)))"
15,1,4,22,1,sum,"S(P(1,1,1,1),P(S(1,1),S(1,P(1,1))),P(S(1,1,1),S(1,1,1)))"
15,1,5,30,2,sum,"S(P(1,1,1,1,1),P(1,1,1,1,1),P(1,1,1,1,1));S(P(S(1,1,1),S(P(1,1),P(1,1))),P(S(1,1,1,1),S(1,1,1,1)))"
15,1,6,37,2,sum,"S(P(1,1,1,1,1,1),P(S(1,1,1,1),S(1,P(1,1),P(1,1))));S(P(S(1,1),S(1,1),S(1,P(1,1))),P(S(P(1,1),P(1,1)),S(P(1,1),P(1,1))))"
15,1,7,45,1,sum,"S(P(1,1,1,1,1,1,1),P(S(1,1),S(1,1),S(1,1),S(1,1)))"
15,1,8,49,2,sum,"S(P(1,1,1,1,1,1,1),P(1,1,1,1,1,1,1,1));S(1,P(S(1,1,1,1,1,1,1),S(1,1,1,1,1,1,1)))"
15,1,9,60,1,product,"P(S(1,1,1,1,1,1,1),S(P(1,1),P(1,1),P(1,1),P(1,1)))"
15,1,10,67,2,product,"P(S(1,1,1,1,1,1),S(P(1,1,1,1),P(S(1,1),S(1,P(1,1)))));P(S(1,P(1,1),P(1,1),P(1,1)),S(P(S(1,1),S(1,1)),P(S(1,1),S(1,1))))"
15,1,11,75,2,product,"P(S(1,1,1,1,1),S(1,1,1,1,1),S(1,1,1,1,1));P(S(P(1,1,1),P(S(1,1),S(1,1))),S(P(1,1,1,1),P(1,1,1,1)))"
15,1,12,82,1,product,"P(S(1,1,1,1),S(1,P(1,1),P(1,1)),S(P(1,1,1),P(1,1,1)))"
15,2,2,21,1,product,"P(1,S(P(1,1),P(1,1),P(1,1),P(1,1),P(1,1),P(1,1),P(1,1)))"
15,2,3,27,1,product,"P(1,S(P(1,1),P(1,1,1),P(1,1,1),P(1,1,1),P(1,1,1)))"
15,2,4,33,1,product,"P(1,S(P(1,1),P(1,1,1,1),P(1,1,1,1),P(1,1,1,1)))"
15,2,5,40,1,product,"P(1,S(P(1,1,1,1),P(1,1,1,1,1),P(1,1,1,1,1)))"
15,2,6,49,1,product,"P(1,S(P(1,1,1,1,1,1),P(S(P(1,1),P(1,1)),S(P(1,1),P(1,1)))))"
15,2,7,56,1,product,"P(1,S(P(1,1,1,1,1,1,1),P(1,1,1,1,1,1,1)))"
15,2,8,57,2,product,"P(1,S(P(1,1,1,1,1,1),P(1,1,1,1,1,1,1,1)));P(1,S(P(1,1),P(S(P(1,1),P(1,1),P(1,1)),S(P(1,1),P(1,1),P(1,1)))))"
15,2,9,69,1,product,"P(1,S(1,P(1,1),P(1,1),P(1,1)),S(1,P(1,1),P(1,1),P(1,1)))"
15,2,10,77,1,product,"P(1,S(P(1,1),P(1,1),P(1,1)),S(P(1,1,1,1),P(1,1,1,1)))"
15,2,11,81,4,product,"P(1,S(1,P(1,1),P(1,1)),S(1,P(S(P(1,1),P(1,1)),S(P(1,1),P(1,1)))));P(1,S(P(1,1,1),P(1,1,1)),S(P(1,1,1),P(1,1,1,1,1)));P(1,S(P(1,1,1),P(1,1,1,1)),S(P(1,1,1),P(1,1,1,1)));P(S(1,P(1,1),P(1,1)),S(1,P(1,1),P(1,1)),S(1,P(1,1),P(1,1)))"
15,2,12,89,2,product,"P(1,S(P(1,1),P(1,1)),S(P(1,1),P(1,1)),S(P(1,1),P(1,1,1,1)));P(1,S(P(1,1),P(1,1)),S(P(1,1),P(1,1,1)),S(P(1,1),P(1,1,1)))"
15,3,3,39,2,product,"P(1,1,S(1,P(1,1,1),P(1,1,1),P(1,1,1),P(1,1,1)));P(S(1,1),S(P(1,1,1),P(1,1,1),P(1,1,1),P(S(1,1),S(1,1))))"
15,3,4,45,1,product,"P(1,1,S(1,P(1,1,1,1),P(1,1,1,1),P(1,1,1,1)))"
15,3,5,50,2,product,"P(1,1,S(P(1,1,1),P(1,1,1,1,1),P(1,1,1,1,1)));P(S(1,1),S(1,P(S(1,1),S(1,1),S(1,1)),P(S(1,1),S(1,1),S(1,1))))"
15,3,6,57,2,product,"P(1,1,S(1,P(1,1,1,1,1,1),P(1,1,1,1,1,1)));P(S(1,1),S(P(1,1,1,1,1,1),P(S(1,1),S(1,P(1,1,1,1)))))"
15,3,7,63,1,product,"P(1,1,S(P(1,1,1,1,1,1),P(1,1,1,1,1,1,1)))"
15,3,8,65,1,product,"P(1,1,S(P(1,1,1,1,1),P(1,1,1,1,1,1,1,1)))"
15,3,9,75,4,product,"P(1,1,S(1,P(S(P(1,1,1),P(1,1,1)),S(P(1,1,1),P(1,1,1)))));P(1,S(1,P(1,1,1),P(1,1,1)),S(1,P(1,1,1),P(1,1,1)));P(S(P(1,1,1),P(S(1,1),S(1,1))),S(P(1,1,1,1),P(1,1,1,1)));P(S(P(1,1,1),P(S(1,1),S(1,1))),S(1,P(1,S(P(1,1,1),P(1,1,1)))))"
15,3,10,84,1,product,"P(1,1,S(P(1,1,1),P(1,1,1)),S(P(1,1,1),P(1,1,1,1)))"
15,3,11,87,7,product,"P(1,1,S(P(1,1),P(1,1,1)),S(P(1,1),P(1,1,1,1,1,1)));P(1,1,S(P(1,1),P(1,1,1,1)),S(P(1,1),P(1,1,1,1,1)));P(S(1,1),S(P(1,1),P(1,1,1,1)),S(1,P(S(1,1),S(1,1),S(1,1))));P(S(P(1,1),P(1,1,1)),S(P(1,1),P(1,1,1)),S(P(1,1),P(1,1,1)));P(S(P(1,1),P(1,1,1)),S(1,P(S(1,1),S(1,1))),S(P(1,1),P(1,1,1)));P(S(P(1,1),P(1,1,1)),S(1,P(S(1,1),S(1,1))),S(1,P(S(1,1),S(1,1))));P(S(1,P(S(1,1),S(1,1))),S(1,P(S(1,1),S(1,1))),S(1,P(S(1,1),S(1,1))))"
15,3,12,96,1,product,"P(S(1,1),S(1,1),S(1,1),S(1,1),S(1,1),S(1,P(1,1,1,1)))"
15,4,4,57,1,product,"P(1,1,1,S(P(1,1,1,1),P(1,1,1,1),P(1,1,1,1)))"
15,4,5,60,1,product,"P(1,1,1,S(P(1,1),P(1,1,1,1,1),P(1,1,1,1,1)))"
15,4,6,69,1,product,"P(1,1,1,S(P(1,1,1,1,1,1),P(1,1,1,1,1,1)))"
15,4,7,70,1,product,"P(1,1,1,S(P(1,1,1,1,1),P(1,1,1,1,1,1,1)))"
15,4,8,73,1,product,"P(1,1,1,S(P(1,1,1,1),P(1,1,1,1,1,1,1,1)))"
15,4,9,81,1,product,"P(1,S(P(1,1,1),P(1,1,1,1)),S(P(1,1,1),P(1,1,1,1)))"
15,4,10,90,1,product,"P(S(1,1,1),S(1,1,1),S(1,1,1),S(1,1,1),S(1,1,1))"
15,4,11,95,3,product,"P(1,1,1,S(1,P(1,1,1,1)),S(1,P(1,1,1,1,1,1)));P(1,1,1,S(1,P(1,1,1,1,1)),S(1,P(1,1,1,1,1)));P(S(1,P(1,1)),S(1,P(1,1)),S(1,P(1,1)),S(1,P(1,1)),S(1,P(1,1)))"
15,4,12,105,1,product,"P(1,1,1,1,1,1,1,1,1,1,1,1,1,1,1)"
15,5,5,70,2,product,"P(1,1,1,1,S(1,P(1,1,1,1,1),P(1,1,1,1,1)));P(S(1,1),S(1,1),S(P(1,1,1,1,1),P(S(1,1),S(1,1),S(1,1))))"
15,5,6,75,1,product,"P(1,1,1,1,S(P(1,1,1,1,1),P(1,1,1,1,1,1)))"
15,5,7,77,1,product,"P(1,1,1,1,S(P(1,1,1,1),P(1,1,1,1,1,1,1)))"
15,5,8,81,1,product,"P(1,1,1,1,S(P(1,1,1),P(1,1,1,1,1,1,1,1)))"
15,5,9,90,1,product,"P(S(1,1,1),S(P(1,1),P(1,1)),S(P(1,1),P(1,1)),S(P(1,1),P(1,1)))"
15,5,10,95,4,product,"P(1,1,1,1,S(1,P(1,1,1,1,1,1,1,1,1,1)));P(1,1,1,S(1,P(1,1,1,1,1)),S(1,P(1,1,1,1,1)));P(S(1,1),S(1,1),S(1,1),S(1,1),S(1,P(1,1,1,1,1,1)));P(S(1,P(1,1)),S(1,P(1,1)),S(1,P(1,1)),S(1,P(1,1)),S(1,P(1,1)))"
15,5,11,105,1,product,"P(1,1,1,1,1,1,1,1,1,1,1,1,1,1,1)"
15,5,12,105,1,product,"P(1,1,1,1,1,1,1,1,1,1,1,1,1,1,1)"
15,6,6,81,1,product,"P(1,1,1,1,1,S(P(1,1,1,1),P(1,1,1,1,1,1)))"
15,6,7,84,1,product,"P(1,1,1,1,1,S(P(1,1,1),P(1,1,1,1,1,1,1)))"
15,6,8,89,1,product,"P(1,1,1,1,1,S(P(1,1),P(1,1,1,1,1,1,1,1)))"
15,6,9,96,1,product,"P(1,1,1,1,1,S(1,P(1,1,1,1,1,1,1,1,1)))"
15,6,10,105,1,product,"P(1,1,1,1,1,1,1,1,1,1,1,1,1,1,1)"
15,6,11,105,1,product,"P(1,1,1,1,1,1,1,1,1,1,1,1,1,1,1)"
15,6,12,105,1,product,"P(1,1,1,1,1,1,1,1,1,1,1,1,1,1,1)"
15,7,7,91,1,product,"P(1,1,1,1,1,1,S(P(1,1),P(1,1,1,1,1,1,1)))"
15,7,8,97,1,product,"P(1,1,1,1,1,1,S(1,P(1,1,1,1,1,1,1,1)))"
15,7,9,105,1,product,"P(1,1,1,1,1,1,1,1,1,1,1,1,1,1,1)"
15,7,10,105,1,product,"P(1,1,1,1,1,1,1,1,1,1,1,1,1,1,1)"
15,7,11,105,1,product,"P(1,1,1,1,1,1,1,1,1,1,1,1,1,1,1)"
15,7,12,105,1,product,"P(1,1,1,1,1,1,1,1,1,1,1,1,1,1,1)"
15,8,8,105,1,product,"P(1,1,1,1,1,1,1,1,1,1,1,1,1,1,1)"
15,8,9,105,1,product,"P(1,1,1,1,1,1,1,1,1,1,1,1,1,1,1)"
15,8,10,105,1,product,"P(1,1,1,1,1,1,1,1,1,1,1,1,1,1,1)"
15,8,11,105,1,product,"P(1,1,1,1,1,1,1,1,1,1,1,1,1,1,1)"
15,8,12,105,1,product,"P(1,1,1,1,1,1,1,1,1,1,1,1,1,1,1)"
15,9,9,105,1,product,"P(1,1,1,1,1,1,1,1,1,1,1,1,1,1,1)"
15,9,10,105,1,product,"P(1,1,1,1,1,1,1,1,1,1,1,1,1,1,1)"
15,9,11,105,1,product,"P(1,1,1,1,1,1,1,1,1,1,1,1,1,1,1)"
15,9,12,105,1,product,"P(1,1,1,1,1,1,1,1,1,1,1,1,1,1,1)"
15,10,10,105,1,product,"P(1,1,1,1,1,1,1,1,1,1,1,1,1,1,1)"
15,10,11,105,1,product,"P(1,1,1,1,1,1,1,1,1,1,1,1,1,1,1)"
15,10,12,105,1,product,"P(1,1,1,1,1,1,1,1,1,1,1,1,1,1,1)"
15,11,11,105,1,product,"P(1,1,1,1,1,1,1,1,1,1,1,1,1,1,1)"
15,11,12,105,1,product,"P(1,1,1,1,1,1,1,1,1,1,1,1,1,1,1)"
15,12,12,105,1,product,"P(1,1,1,1,1,1,1,1,1,1,1,1,1,1,1)"
16,1,1,0,1,sum,"S(1,1,1,1,1,1,1,1,1,1,1,1,1,1,1,1)"
16,1,2,8,1,sum,"S(P(1,1),P(1,1),P(1,1),P(1,1),P(1,1),P(1,1),P(1,1),P(1,1))"
16,1,3,16,2,sum,"S(P(1,1,1),P(1,1,1),P(1,1,1),P(1,1,1),P(S(1,1),S(1,1)));S(P(S(1,1),S(1,1)),P(S(1,1),S(1,1)),P(S(1,1),S(1,1)),P(S(1,1),S(1,1)))"
16,1,4,24,2,sum,"S(P(1,1,1,1),P(1,1,1,1),P(1,1,1,1),P(1,1,1,1));S(P(1,1,1,1),P(S(1,1,1),S(1,1,1)),P(S(1,1,1),S(1,1,1)))"
16,1,5,32,2,sum,"S(P(1,1,1,1,1),P(1,1,1,1,1),P(S(1,1),S(1,1),S(1,1)));S(P(S(1,1,1,1),S(1,1,1,1)),P(S(1,1,1,1),S(1,1,1,1)))"
16,1,6,40,2,sum,"S(P(S(P(1,1),P(1,1)),S(P(1,1),P(1,1))),P(S(P(1,1),P(1,1)),S(P(1,1),P(1,1))));S(P(1,1,1,1,1,1),P(S(1,1,1,1,1),S(1,1,1,1,1)))"
16,1,7,48,2,sum,"S(P(S(1,1),S(1,1),S(1,1),S(1,1)),P(S(1,1),S(1,1),S(1,1),S(1,1)));S(P(1,1,1,1,1,1,1),P(S(1,1,1),S(1,1,1),S(1,1,1)))"
16,1,8,56,1,sum,"S(P(1,1,1,1,1,1,1,1),P(1,1,1,1,1,1,1,1))"
16,1,9,64,1,product,"P(S(1,1,1,1,1,1,1,1),S(1,1,1,1,1,1,1,1))"
16,1,10,72,2,product,"P(S(1,1,1,1,1,1,1),S(P(1,1,1),P(1,1,1),P(1,1,1)));P(S(P(1,1),P(1,1),P(1,1),P(1,1)),S(P(1,1),P(1,1),P(1,1),P(1,1)))"
16,1,11,80,2,product,"P(S(1,1,1,1,1,1),S(P(1,1,1,1,1),P(1,1,1,1,1)));P(S(P(S(1,1),S(1,1)),P(S(1,1),S(1,1))),S(P(S(1,1),S(1,1)),P(S(1,1),S(1,1))))"
16,1,12,88,2,product,"P(S(1,1,1,1,1),S(1,1,1,1,1),S(P(1,1),P(1,1),P(1,1)));P(S(P(1,1,1,1),P(1,1,1,1)),S(P(1,1,1,1),P(1,1,1,1)))"
16,2,2,22,1,product,"P(1,S(1,P(1,1),P(1,1),P(1,1),P(1,1),P(1,1),P(1,1),P(1,1)))"
16,2,3,30,1,product,"P(1,S(P(1,1,1),P(1,1,1),P(1,1,1),P(1,1,1),P(1,1,1)))"
16,2,4,36,1,product,"P(1,S(P(1,1,1),P(1,1,1,1),P(1,1,1,1),P(1,1,1,1)))"
16,2,5,45,1,product,"P(1,S(P(1,1,1,1,1),P(1,1,1,1,1),P(1,1,1,1,1)))"
16,2,6,51,1,product,"P(1,S(P(S(1,P(1,1)),S(1,P(1,1,1))),P(S(P(1,1),P(1,1)),S(P(1,1),P(1,1)))))"
16,2,7,58,2,product,"P(1,S(P(1,1,1,1,1,1,1),P(S(1,P(1,1)),S(1,P(1,1,1,1)))));P(1,S(P(1,1,1,1,1,1,1),P(S(1,P(1,1,1)),S(1,P(1,1,1)))))"
16,2,8,64,1,product,"P(1,S(P(1,1,1,1,1,1,1),P(1,1,1,1,1,1,1,1)))"
16,2,9,72,1,product,"P(S(P(1,1),P(1,1),P(1,1),P(1,1)),S(P(1,1),P(1,1),P(1,1),P(1,1)))"
16,2,10,82,1,product,"P(S(P(1,1,1),P(1,S(P(1,1),P(1,1)))),S(P(1,1,1),P(1,S(P(1,1),P(1,1)))))"
16,2,11,89,1,product,"P(1,S(1,P(1,1,1),P(1,1,1)),S(P(1,1,1,1),P(1,1,1,1)))"
16,2,12,96,1,product,"P(1,S(1,P(1,1),P(1,1)),S(1,P(1,1),P(1,1)),S(1,P(1,1),P(1,1)))"
16,3,3,42,2,product,"P(1,1,S(P(1,1),P(1,1,1),P(1,1,1),P(1,1,1),P(1,1,1)));P(S(1,1),S(P(1,1,1),P(1,1,1),P(S(1,1),S(1,1)),P(S(1,1),S(1,1))))"
16,3,4,48,1,product,"P(1,1,S(P(1,1),P(1,1,1,1),P(1,1,1,1),P(1,1,1,1)))"
16,3,5,55,1,product,"P(1,1,S(P(1,1,1,1),P(1,1,1,1,1),P(1,1,1,1,1)))"
16,3,6,60,2,product,"P(1,1,S(P(1,1),P(1,1,1,1,1,1),P(1,1,1,1,1,1)));P(S(1,1),S(P(S(1,1),S(1,P(1,1,1,1))),P(S(1,1),S(1,P(1,1,1,1)))))"
16,3,7,71,1,product,"P(1,1,S(P(1,1,1,1,1,1,1),P(1,1,1,1,1,1,1)))"
16,3,8,72,1,product,"P(1,1,S(P(1,1,1,1,1,1),P(1,1,1,1,1,1,1,1)))"
16,3,9,80,1,product,"P(S(P(S(1,1),S(1,1)),P(S(1,1),S(1,1))),S(P(S(1,1),S(1,1)),P(S(1,1),S(1,1))))"
16,3,10,91,1,product,"P(S(1,1),S(P(1,1,1),P(S(1,1),S(1,1))),S(P(1,1,1),P(S(1,1),S(1,1))))"
16,3,11,96,2,product,"P(1,1,S(P(1,1,1),P(1,1,1)),S(P(1,1,1),P(1,1,1,1,1)));P(1,1,S(P(1,1,1),P(1,1,1,1)),S(P(1,1,1),P(1,1,1,1)))"
16,3,12,102,1,product,"P(1,S(P(1,1),P(1,1,1)),S(P(1,1),P(1,1,1)),S(P(1,1),P(1,1,1)))"
16,4,4,60,1,product,"P(1,1,1,S(1,P(1,1,1,1),P(1,1,1,1),P(1,1,1,1)))"
16,4,5,65,1,product,"P(1,1,1,S(P(1,1,1),P(1,1,1,1,1),P(1,1,1,1,1)))"
16,4,6,72,1,product,"P(1,1,1,S(1,P(1,1,1,1,1,1),P(1,1,1,1,1,1)))"
16,4,7,78,1,product,"P(1,1,1,S(P(1,1,1,1,1,1),P(1,1,1,1,1,1,1)))"
16,4,8,80,1,product,"P(1,1,1,S(P(1,1,1,1,1),P(1,1,1,1,1,1,1,1)))"
16,4,9,88,1,product,"P(S(P(1,1,1,1),P(1,1,1,1)),S(P(1,1,1,1),P(1,1,1,1)))"
16,4,10,96,1,product,"P(1,1,S(P(1,1,1),P(1,1,1,1)),S(P(1,1,1),P(1,1,1,1)))"
16,4,11,102,1,product,"P(1,1,1,S(P(1,1),P(1,1,1,1)),S(P(1,1),P(1,1,1,1,1)))"
16,4,12,109,3,product,"P(1,1,1,S(1,P(1,1,1,1)),S(1,P(1,1,1,1,1,1,1)));P(1,1,1,S(1,P(1,1,1,1,1)),S(1,P(1,1,1,1,1,1)));P(S(1,1),S(1,P(1,1)),S(1,P(1,1)),S(1,P(1,1)),S(1,P(1,1,1,1)))"
16,5,5,76,1,product,"P(S(1,1),S(1,1),S(P(S(1,1),S(1,1),S(1,1)),P(S(1,1),S(1,1),S(1,1))))"
16,5,6,84,1,product,"P(1,1,1,1,S(P(1,1,1,1,1,1),P(1,1,1,1,1,1)))"
16,5,7,85,1,product,"P(1,1,1,1,S(P(1,1,1,1,1),P(1,1,1,1,1,1,1)))"
16,5,8,88,1,product,"P(1,1,1,1,S(P(1,1,1,1),P(1,1,1,1,1,1,1,1)))"
16,5,9,96,1,product,"P(S(1,1,1,1),S(1,1,1,1),S(1,1,1,1),S(1,1,1,1))"
16,5,10,104,1,product,"P(S(P(1,1),P(1,1)),S(P(1,1),P(1,1)),S(P(1,1),P(1,1)),S(P(1,1),P(1,1)))"
16,5,11,112,1,product,"P(S(1,1),S(1,1),S(1,1),S(1,1),S(1,1),S(1,1),S(1,1),S(1,1))"
16,5,12,120,1,product,"P(1,1,1,1,1,1,1,1,1,1,1,1,1,1,1,1)"
16,6,6,90,1,product,"P(1,1,1,1,1,S(P(1,1,1,1,1),P(1,1,1,1,1,1)))"
16,6,7,92,1,product,"P(1,1,1,1,1,S(P(1,1,1,1),P(1,1,1,1,1,1,1)))"
16,6,8,96,1,product,"P(1,1,1,1,1,S(P(1,1,1),P(1,1,1,1,1,1,1,1)))"
16,6,9,104,1,product,"P(S(P(1,1),P(1,1)),S(P(1,1),P(1,1)),S(P(1,1),P(1,1)),S(P(1,1),P(1,1)))"
16,6,10,110,1,product,"P(1,1,1,1,1,S(1,P(1,1,1,1,1,1,1,1,1,1)))"
16,6,11,120,1,product,"P(1,1,1,1,1,1,1,1,1,1,1,1,1,1,1,1)"
16,6,12,120,1,product,"P(1,1,1,1,1,1,1,1,1,1,1,1,1,1,1,1)"
16,7,7,99,1,product,"P(1,1,1,1,1,1,S(P(1,1,1),P(1,1,1,1,1,1,1)))"
16,7,8,104,1,product,"P(1,1,1,1,1,1,S(P(1,1),P(1,1,1,1,1,1,1,1)))"
16,7,9,112,1,product,"P(S(1,1),S(1,1),S(1,1),S(1,1),S(1,1),S(1,1),S(1,1),S(1,1))"
16,7,10,120,1,product,"P(1,1,1,1,1,1,1,1,1,1,1,1,1,1,1,1)"
16,7,11,120,1,product,"P(1,1,1,1,1,1,1,1,1,1,1,1,1,1,1,1)"
16,7,12,120,1,product,"P(1,1,1,1,1,1,1,1,1,1,1,1,1,1,1,1)"
16,8,8,112,1,product,"P(1,1,1,1,1,1,1,S(1,P(1,1,1,1,1,1,1,1)))"
16,8,9,120,1,product,"P(1,1,1,1,1,1,1,1,1,1,1,1,1,1,1,1)"
16,8,10,120,1,product,"P(1,1,1,1,1,1,1,1,1,1,1,1,1,1,1,1)"
16,8,11,120,1,product,"P(1,1,1,1,1,1,1,1,1,1,1,1,1,1,1,1)"
16,8,12,120,1,product,"P(1,1,1,1,1,1,1,1,1,1,1,1,1,1,1,1)"
16,9,9,120,1,product,"P(1,1,1,1,1,1,1,1,1,1,1,1,1,1,1,1)"
16,9,10,120,1,product,"P(1,1,1,1,1,1,1,1,1,1,1,1,1,1,1,1)"
16,9,11,120,1,product,"P(1,1,1,1,1,1,1,1,1,1,1,1,1,1,1,1)"
16,9,12,120,1,product,"P(1,1,1,1,1,1,1,1,1,1,1,1,1,1,1,1)"
16,10,10,120,1,product,"P(1,1,1,1,1,1,1,1,1,1,1,1,1,1,1,1)"
16,10,11,120,1,product,"P(1,1,1,1,1,1,1,1,1,1,1,1,1,1,1,1)"
16,10,12,120,1,product,"P(1,1,1,1,1,1,1,1,1,1,1,1,1,1,1,1)"
16,11,11,120,1,product,"P(1,1,1,1,1,1,1,1,1,1,1,1,1,1,1,1)"
16,11,12,120,1,product,"P(1,1,1,1,1,1,1,1,1,1,1,1,1,1,1,1)"
16,12,12,120,1,product,"P(1,1,1,1,1,1,1,1,1,1,1,1,1,1,1,1)"
17,1,1,0,1,sum,"S(1,1,1,1,1,1,1,1,1,1,1,1,1,1,1,1,1)"
17,1,2,8,1,sum,"S(1,P(1,1),P(1,1),P(1,1),P(1,1),P(1,1),P(1,1),P(1,1),P(1,1))"
17,1,3,17,1,sum,"S(P(1,1,1),P(1,1,1),P(1,1,1),P(S(1,1),S(1,1)),P(S(1,1),S(1,1)))"
17,1,4,25,2,sum,"S(P(1,1,1,1),P(1,1,1,1),P(1,1,1,1),P(S(1,1),S(1,P(1,1))));S(P(S(1,1),S(1,P(1,1))),P(S(1,1,1),S(1,1,1)),P(S(1,1,1),S(1,1,1)))"
17,1,5,34,2,sum,"S(P(1,1,1,1,1),P(S(1,1),S(1,1),S(1,1)),P(S(1,1),S(1,1),S(1,1)));S(P(1,1,1,1,1),P(1,1,1,1,1),P(S(1,1,1),S(P(1,1),P(1,1))))"
17,1,6,42,2,sum,"S(P(S(P(1,1),P(1,1)),S(P(1,1),P(1,1))),P(S(1,1,1,1),S(1,P(1,1),P(1,1))));S(P(S(1,1),S(1,1),S(1,P(1,1))),P(S(1,1,1,1,1),S(1,1,1,1,1)))"
17,1,7,51,2,sum,"S(P(1,1,1,1,1,1,1),P(S(1,1,1,1),S(P(1,1,1),P(1,1,1))));S(P(S(1,1),S(1,1),S(1,1),S(1,1)),P(S(1,1,1),S(1,1,1),S(1,1,1)))"
17,1,8,59,1,sum,"S(P(1,1,1,1,1,1,1,1),P(S(1,1),S(1,1),S(1,1),S(1,P(1,1))))"
17,1,9,64,2,sum,"S(P(1,1,1,1,1,1,1,1),P(1,1,1,1,1,1,1,1,1));S(1,P(S(1,1,1,1,1,1,1,1),S(1,1,1,1,1,1,1,1)))"
17,1,10,76,1,product,"P(S(1,1,1,1,1,1,1,1),S(1,P(1,1),P(1,1),P(1,1),P(1,1)))"
17,1,11,85,2,product,"P(S(1,1,1,1,1,1,1),S(P(1,1,1,1),P(S(1,1,1),S(1,1,1))));P(S(P(1,1),P(1,1),P(1,1),P(1,1)),S(P(1,1,1),P(1,1,1),P(1,1,1)))"
17,1,12,93,2,product,"P(S(1,P(1,1),P(1,1),P(1,1)),S(P(1,1,1,1,1),P(1,1,1,1,1)));P(S(P(S(1,1),S(1,1)),P(S(1,1),S(1,1))),S(P(1,1,1,1),P(S(1,1),S(1,P(1,1)))))"
17,2,2,24,1,product,"P(1,S(P(1,1),P(1,1),P(1,1),P(1,1),P(1,1),P(1,1),P(1,1),P(1,1)))"
17,2,3,31,1,product,"P(1,S(1,P(1,1,1),P(1,1,1),P(1,1,1),P(1,1,1),P(1,1,1)))"
17,2,4,40,1,product,"P(1,S(P(1,1,1,1),P(1,1,1,1),P(1,1,1,1),P(1,1,1,1)))"
17,2,5,47,1,product,"P(1,S(P(1,1,1,1,1),P(1,1,1,1,1),P(S(1,P(1,1)),S(1,P(1,1)))))"
17,2,6,56,1,product,"P(1,S(P(S(P(1,1),P(1,1)),S(P(1,1),P(1,1))),P(S(P(1,1),P(1,1)),S(P(1,1),P(1,1)))))"
17,2,7,63,1,product,"P(1,S(P(1,1,1,1,1,1,1),P(S(P(1,1),P(1,1)),S(P(1,1),P(1,1,1)))))"
17,2,8,72,1,product,"P(1,S(P(1,1,1,1,1,1,1,1),P(1,1,1,1,1,1,1,1)))"
17,2,9,73,1,product,"P(1,S(P(1,1,1,1,1,1,1),P(1,1,1,1,1,1,1,1,1)))"
17,2,10,88,1,product,"P(1,S(P(1,1),P(1,1),P(1,1),P(1,1)),S(P(1,1),P(1,1),P(1,1),P(1,1)))"
17,2,11,94,5,product,"P(1,S(1,P(1,1),P(1,1),P(1,1)),S(1,P(1,1,1,1),P(1,1,1,1)));P(1,S(P(1,1),P(1,1,1),P(1,1,1)),S(P(1,1),P(1,1,1),P(1,1,1)));P(S(1,P(1,S(P(1,1),P(1,1),P(1,1)))),S(P(1,1,1,1),P(1,S(1,P(1,1,1)))));P(S(P(1,1,1),P(1,S(P(1,1),P(1,1)))),S(P(1,1,1,1),P(1,S(1,P(1,1,1)))));P(S(P(1,1,1),P(1,S(P(1,1),P(1,1)))),S(P(1,1),P(1,S(P(1,1,1),P(1,1,1)))))"
17,2,12,104,1,product,"P(1,S(P(1,1,1,1),P(1,1,1,1)),S(P(1,1,1,1),P(1,1,1,1)))"
17,3,3,46,1,product,"P(1,1,S(P(1,1,1),P(1,1,1),P(1,1,1),P(1,1,1),P(1,1,1)))"
17,3,4,52,1,product,"P(1,1,S(P(1,1,1),P(1,1,1,1),P(1,1,1,1),P(1,1,1,1)))"
17,3,5,61,1,product,"P(1,1,S(P(1,1,1,1,1),P(1,1,1,1,1),P(1,1,1,1,1)))"
17,3,6,64,1,product,"P(1,1,S(P(1,1,1),P(1,1,1,1,1,1),P(1,1,1,1,1,1)))"
17,3,7,75,1,product,"P(S(1,1),S(P(1,1,1,1,1,1,1),P(S(1,1),S(1,1),S(1,1),S(1,1))))"
17,3,8,80,1,product,"P(1,1,S(P(1,1,1,1,1,1,1),P(1,1,1,1,1,1,1,1)))"
17,3,9,82,2,product,"P(1,1,S(P(1,1,1,1,1,1),P(1,1,1,1,1,1,1,1,1)));P(1,1,S(P(1,1,1),P(S(P(1,1,1),P(1,1,1)),S(P(1,1,1),P(1,1,1)))))"
17,3,10,94,1,product,"P(1,S(P(1,1),P(1,1,1),P(1,1,1)),S(P(1,1),P(1,1,1),P(1,1,1)))"
17,3,11,105,2,product,"P(1,1,S(1,P(1,1,1),P(1,1,1)),S(P(1,1,1,1),P(1,1,1,1)));P(S(1,1),S(P(1,1,1),P(S(1,1),S(1,1))),S(P(1,1,1,1),P(1,1,1,1)))"
17,3,12,109,2,product,"P(1,1,S(P(1,1,1),P(1,1,1)),S(P(1,1,1),P(1,1,1,1,1,1)));P(1,1,S(P(1,1,1),P(1,1,1,1)),S(P(1,1,1),P(1,1,1,1,1)))"
17,4,4,64,1,product,"P(1,1,1,S(P(1,1),P(1,1,1,1),P(1,1,1,1),P(1,1,1,1)))"
17,4,5,71,1,product,"P(1,1,1,S(P(1,1,1,1),P(1,1,1,1,1),P(1,1,1,1,1)))"
17,4,6,76,1,product,"P(1,1,1,S(P(1,1),P(1,1,1,1,1,1),P(1,1,1,1,1,1)))"
17,4,7,87,1,product,"P(1,1,1,S(P(1,1,1,1,1,1,1),P(1,1,1,1,1,1,1)))"
17,4,8,88,1,product,"P(1,1,1,S(P(1,1,1,1,1,1),P(1,1,1,1,1,1,1,1)))"
17,4,9,91,1,product,"P(1,1,1,S(P(1,1,1,1,1),P(1,1,1,1,1,1,1,1,1)))"
17,4,10,104,1,product,"P(1,S(P(1,1,1,1),P(1,1,1,1)),S(P(1,1,1,1),P(1,1,1,1)))"
17,4,11,112,1,product,"P(1,1,1,S(P(1,1,1),P(1,1,1,1)),S(P(1,1,1),P(1,1,1,1)))"
17,4,12,116,2,product,"P(1,1,1,S(P(1,1),P(1,1,1,1)),S(P(1,1),P(1,1,1,1,1,1)));P(1,1,1,S(P(1,1),P(1,1,1,1,1)),S(P(1,1),P(1,1,1,1,1)))"
17,5,5,81,1,product,"P(1,1,1,1,S(P(1,1,1),P(1,1,1,1,1),P(1,1,1,1,1)))"
17,5,6,88,1,product,"P(1,1,1,1,S(1,P(1,1,1,1,1,1),P(1,1,1,1,1,1)))"
17,5,7,94,1,product,"P(1,1,1,1,S(P(1,1,1,1,1,1),P(1,1,1,1,1,1,1)))"
17,5,8,96,1,product,"P(1,1,1,1,S(P(1,1,1,1,1),P(1,1,1,1,1,1,1,1)))"
17,5,9,100,2,product,"P(1,1,1,1,S(P(1,1,1,1),P(1,1,1,1,1,1,1,1,1)));P(S(1,1,1,1),S(1,P(S(1,1,1,1),S(1,1,1,1),S(1,1,1,1))))"
17,5,10,108,2,product,"P(S(1,1,1,1),S(1,1,1,1),S(1,P(S(P(1,1),P(1,1)),S(P(1,1),P(1,1)))));P(S(P(1,1),P(1,1)),S(1,P(S(P(1,1),P(1,1)),S(P(1,1),P(1,1)),S(P(1,1),P(1,1)))))"
17,5,11,116,3,product,"P(1,1,1,S(P(1,1),P(1,1,1,1,1)),S(P(1,1),P(1,1,1,1,1)));P(S(1,1),S(1,1),S(1,P(S(1,1),S(1,1),S(1,1),S(1,1),S(1,1),S(1,1))));P(S(P(1,1),P(1,1)),S(P(1,1),P(1,1)),S(1,P(S(1,1),S(1,1),S(1,1),S(1,1))))"
17,5,12,125,2,product,"P(1,1,1,1,S(1,P(1,1,1,1,1)),S(1,P(1,1,1,1,1,1)));P(S(1,1),S(1,1),S(1,1),S(1,1),S(1,1),S(1,P(1,1,1,1,1,1)))"
17,6,6,100,1,product,"P(1,1,1,1,1,S(P(1,1,1,1,1,1),P(1,1,1,1,1,1)))"
17,6,7,101,1,product,"P(1,1,1,1,1,S(P(1,1,1,1,1),P(1,1,1,1,1,1,1)))"
17,6,8,104,1,product,"P(1,1,1,1,1,S(P(1,1,1,1),P(1,1,1,1,1,1,1,1)))"
17,6,9,109,1,product,"P(1,1,1,1,1,S(P(1,1,1),P(1,1,1,1,1,1,1,1,1)))"
17,6,10,120,1,product,"P(1,S(P(1,1),P(1,1)),S(P(1,1),P(1,1)),S(P(1,1),P(1,1)),S(P(1,1),P(1,1)))"
17,6,11,125,1,product,"P(1,1,1,1,1,S(1,P(1,1,1,1,1,1,1,1,1,1,1)))"
17,6,12,136,1,product,"P(1,1,1,1,1,1,1,1,1,1,1,1,1,1,1,1,1)"
17,7,7,108,1,product,"P(1,1,1,1,1,1,S(P(1,1,1,1),P(1,1,1,1,1,1,1)))"
17,7,8,112,1,product,"P(1,1,1,1,1,1,S(P(1,1,1),P(1,1,1,1,1,1,1,1)))"
17,7,9,118,2,product,"P(1,1,1,1,1,1,S(P(1,1),P(1,1,1,1,1,1,1,1,1)));P(S(1,1),S(1,1),S(1,1),S(1,P(S(1,1),S(1,1),S(1,1),S(1,1),S(1,1))))"
17,7,10,126,1,product,"P(1,1,1,1,1,1,S(1,P(1,1,1,1,1,1,1,1,1,1)))"
17,7,11,136,1,product,"P(1,1,1,1,1,1,1,1,1,1,1,1,1,1,1,1,1)"
17,7,12,136,1,product,"P(1,1,1,1,1,1,1,1,1,1,1,1,1,1,1,1,1)"
17,8,8,120,1,product,"P(1,1,1,1,1,1,1,S(P(1,1),P(1,1,1,1,1,1,1,1)))"
17,8,9,127,1,product,"P(1,1,1,1,1,1,1,S(1,P(1,1,1,1,1,1,1,1,1)))"
17,8,10,136,1,product,"P(1,1,1,1,1,1,1,1,1,1,1,1,1,1,1,1,1)"
17,8,11,136,1,product,"P(1,1,1,1,1,1,1,1,1,1,1,1,1,1,1,1,1)"
17,8,12,136,1,product,"P(1,1,1,1,1,1,1,1,1,1,1,1,1,1,1,1,1)"
17,9,9,136,1,product,"P(1,1,1,1,1,1,1,1,1,1,1,1,1,1,1,1,1)"
17,9,10,136,1,product,"P(1,1,1,1,1,1,1,1,1,1,1,1,1,1,1,1,1)"
17,9,11,136,1,product,"P(1,1,1,1,1,1,1,1,1,1,1,1,1,1,1,1,1)"
17,9,12,136,1,product,"P(1,1,1,1,1,1,1,1,1,1,1,1,1,1,1,1,1)"
17,10,10,136,1,product,"P(1,1,1,1,1,1,1,1,1,1,1,1,1,1,1,1,1)"
17,10,11,136,1,product,"P(1,1,1,1,1,1,1,1,1,1,1,1,1,1,1,1,1)"
17,10,12,136,1,product,"P(1,1,1,1,1,1,1,1,1,1,1,1,1,1,1,1,1)"
17,11,11,136,1,product,"P(1,1,1,1,1,1,1,1,1,1,1,1,1,1,1,1,1)"
17,11,12,136,1,product,"P(1,1,1,1,1,1,1,1,1,1,1,1,1,1,1,1,1)"
17,12,12,136,1,product,"P(1,1,1,1,1,1,1,1,1,1,1,1,1,1,1,1,1)"
18,1,1,0,1,sum,"S(1,1,1,1,1,1,1,1,1,1,1,1,1,1,1,1,1,1)"
18,1,2,9,1,sum,"S(P(1,1),P(1,1),P(1,1),P(1,1),P(1,1),P(1,1),P(1,1),P(1,1),P(1,1))"
18,1,3,18,2,sum,"S(P(1,1,1),P(1,1,1),P(1,1,1),P(1,1,1),P(1,1,1),P(1,1,1));S(P(1,1,1),P(1,1,1),P(S(1,1),S(1,1)),P(S(1,1),S(1,1)),P(S(1,1),S(1,1)))"
18,1,4,27,2,sum,"S(P(1,1,1,1),P(1,1,1,1),P(1,1,1,1),P(S(1,1,1),S(1,1,1)));S(P(S(1,1,1),S(1,1,1)),P(S(1,1,1),S(1,1,1)),P(S(1,1,1),S(1,1,1)))"
18,1,5,36,3,sum,"S(P(S(1,1),S(1,1),S(1,1)),P(S(1,1),S(1,1),S(1,1)),P(S(1,1),S(1,1),S(1,1)));S(P(1,1,1,1,1),P(S(1,1),S(1,1),S(1,1)),P(S(1,1,1),S(P(1,1),P(1,1))));S(P(1,1,1,1,1),P(1,1,1,1,1),P(S(1,1,1,1),S(1,1,1,1)))"
18,1,6,45,2,sum,"S(P(1,1,1,1,1,1),P(1,1,1,1,1,1),P(1,1,1,1,1,1));S(P(S(P(1,1),P(1,1)),S(P(1,1),P(1,1))),P(S(1,1,1,1,1),S(1,1,1,1,1)))"
18,1,7,54,3,sum,"S(P(S(1,1,1),S(1,1,1),S(1,1,1)),P(S(1,1,1),S(1,1,1),S(1,1,1)));S(P(S(1,1),S(1,1),S(1,1),S(1,1)),P(S(1,1,1,1),S(P(1,1,1),P(1,1,1))));S(P(1,1,1,1,1,1,1),P(S(1,1,1,1,1),S(P(1,1),P(1,1),P(1,1))))"
18,1,8,63,1,sum,"S(P(1,1,1,1,1,1,1,1),P(S(1,1,1),S(1,1,1),S(P(1,1),P(1,1))))"
18,1,9,72,1,sum,"S(P(1,1,1,1,1,1,1,1,1),P(1,1,1,1,1,1,1,1,1))"
18,1,10,81,1,product,"P(S(1,1,1,1,1,1,1,1,1),S(1,1,1,1,1,1,1,1,1))"
18,1,11,90,1,product,"P(S(1,1,1,1,1,1,1,1),S(P(1,1,1),P(1,1,1),P(S(1,1),S(1,1))))"
18,1,12,99,3,product,"P(S(1,1,1,1,1,1,1),S(P(1,1,1,1,1),P(S(1,1),S(1,1),S(1,1))));P(S(P(1,1),P(1,1),P(1,1),P(1,1)),S(P(1,1,1,1),P(S(1,1,1),S(1,1,1))));P(S(P(1,1,1),P(1,1,1),P(1,1,1)),S(P(1,1,1),P(1,1,1),P(1,1,1)))"
18,2,2,25,1,product,"P(1,S(1,P(1,1),P(1,1),P(1,1),P(1,1),P(1,1),P(1,1),P(1,1),P(1,1)))"
18,2,3,33,1,product,"P(1,S(P(1,1),P(1,1,1),P(1,1,1),P(1,1,1),P(1,1,1),P(1,1,1)))"
18,2,4,41,1,product,"P(1,S(1,P(1,1,1,1),P(1,1,1,1),P(1,1,1,1),P(1,1,1,1)))"
18,2,5,49,1,product,"P(1,S(P(1,1,1,1,1),P(S(1,P(1,1)),S(1,P(1,1))),P(S(1,P(1,1)),S(1,P(1,1)))))"
18,2,6,57,2,product,"P(1,S(P(1,1,1,1,1),P(1,1,1,1,1,1),P(1,1,1,1,1,1)));P(1,S(1,P(S(P(1,1),P(1,1)),S(P(1,1),P(1,1))),P(S(P(1,1),P(1,1)),S(P(1,1),P(1,1)))))"
18,2,7,67,1,product,"P(1,S(P(1,1,1,1,1,1,1),P(S(1,P(1,1),P(1,1)),S(1,P(1,1),P(1,1)))))"
18,2,8,75,1,product,"P(1,S(P(1,1,1,1,1,1,1,1),P(S(1,P(1,1)),S(1,P(1,1)),S(1,P(1,1)))))"
18,2,9,81,1,product,"P(1,S(P(1,1,1,1,1,1,1,1),P(1,1,1,1,1,1,1,1,1)))"
18,2,10,89,2,product,"P(1,S(1,P(S(P(1,1),P(1,1),P(1,1),P(1,1)),S(P(1,1),P(1,1),P(1,1),P(1,1)))));P(S(1,P(1,1),P(1,1),P(1,1),P(1,1)),S(1,P(1,1),P(1,1),P(1,1),P(1,1)))"
18,2,11,102,1,product,"P(1,S(P(1,1),P(1,1),P(1,1),P(1,1)),S(P(1,1,1),P(1,1,1),P(1,1,1)))"
18,2,12,110,1,product,"P(1,S(1,P(1,1),P(1,1),P(1,1)),S(P(1,1,1,1,1),P(1,1,1,1,1)))"
18,3,3,48,3,product,"P(1,1,S(1,P(1,1,1),P(1,1,1),P(1,1,1),P(1,1,1),P(1,1,1)));P(S(1,1),S(P(1,1,1),P(1,1,1),P(1,1,1),P(1,1,1),P(S(1,1),S(1,1))));P(S(1,1),S(P(S(1,1),S(1,1)),P(S(1,1),S(1,1)),P(S(1,1),S(1,1)),P(S(1,1),S(1,1))))"
18,3,4,57,1,product,"P(1,1,S(P(1,1,1,1),P(1,1,1,1),P(1,1,1,1),P(1,1,1,1)))"
18,3,5,64,1,product,"P(S(1,1),S(P(1,1,1,1,1),P(1,1,1,1,1),P(S(1,1),S(1,1),S(1,1))))"
18,3,6,69,1,product,"P(1,1,S(P(1,1,1,1),P(1,1,1,1,1,1),P(1,1,1,1,1,1)))"
18,3,7,80,1,product,"P(S(1,1),S(P(S(1,1),S(1,1),S(1,1),S(1,1)),P(S(1,1),S(1,1),S(1,1),S(1,1))))"
18,3,8,89,1,product,"P(1,1,S(P(1,1,1,1,1,1,1,1),P(1,1,1,1,1,1,1,1)))"
18,3,9,90,1,product,"P(1,1,S(P(1,1,1,1,1,1,1),P(1,1,1,1,1,1,1,1,1)))"
18,3,10,99,1,product,"P(S(P(1,1,1),P(1,1,1),P(1,1,1)),S(P(1,1,1),P(1,1,1),P(1,1,1)))"
18,3,11,112,1,product,"P(S(1,1),S(P(S(1,1),S(1,1)),P(S(1,1),S(1,1))),S(P(S(1,1),S(1,1)),P(S(1,1),S(1,1))))"
18,3,12,121,1,product,"P(1,1,S(P(1,1,1,1),P(1,1,1,1)),S(P(1,1,1,1),P(1,1,1,1)))"
18,4,4,69,1,product,"P(1,1,1,S(P(1,1,1),P(1,1,1,1),P(1,1,1,1),P(1,1,1,1)))"
18,4,5,78,1,product,"P(1,1,1,S(P(1,1,1,1,1),P(1,1,1,1,1),P(1,1,1,1,1)))"
18,4,6,81,1,product,"P(1,1,1,S(P(1,1,1),P(1,1,1,1,1,1),P(1,1,1,1,1,1)))"
18,4,7,90,2,product,"P(1,1,1,S(1,P(1,1,1,1,1,1,1),P(1,1,1,1,1,1,1)));P(S(1,P(1,1)),S(P(1,1,1,1,1,1,1),P(S(1,1),S(1,P(1,1)),S(1,P(1,1)))))"
18,4,8,97,1,product,"P(1,1,1,S(P(1,1,1,1,1,1,1),P(1,1,1,1,1,1,1,1)))"
18,4,9,99,1,product,"P(1,1,1,S(P(1,1,1,1,1,1),P(1,1,1,1,1,1,1,1,1)))"
18,4,10,107,1,product,"P(S(P(1,1,1,1),P(S(1,1),S(1,P(1,1)))),S(P(1,1,1,1),P(S(1,1),S(1,P(1,1)))))"
18,4,11,121,1,product,"P(1,1,S(P(1,1,1,1),P(1,1,1,1)),S(P(1,1,1,1),P(1,1,1,1)))"
18,4,12,126,1,product,"P(1,1,1,S(P(1,1,1),P(1,1,1,1)),S(P(1,1,1),P(1,1,1,1,1)))"
18,5,5,88,1,product,"P(1,1,1,1,S(P(1,1,1,1),P(1,1,1,1,1),P(1,1,1,1,1)))"
18,5,6,93,2,product,"P(1,1,1,1,S(P(1,1),P(1,1,1,1,1,1),P(1,1,1,1,1,1)));P(S(P(1,1),P(1,1)),S(P(1,1,1,1,1,1),P(S(P(1,1),P(1,1)),S(P(1,1),P(1,1)))))"
18,5,7,104,1,product,"P(1,1,1,1,S(P(1,1,1,1,1,1,1),P(1,1,1,1,1,1,1)))"
18,5,8,105,1,product,"P(1,1,1,1,S(P(1,1,1,1,1,1),P(1,1,1,1,1,1,1,1)))"
18,5,9,108,1,product,"P(1,1,1,1,S(P(1,1,1,1,1),P(1,1,1,1,1,1,1,1,1)))"
18,5,10,113,5,product,"P(1,1,1,1,S(P(1,1,1,1),P(1,1,1,1,1,1,1,1,1,1)));P(S(P(1,1),P(1,1)),S(P(1,1),P(S(P(1,1),P(1,1)),S(P(1,1),P(1,1)),S(P(1,1),P(1,1)))));P(S(P(1,1,1,1),P(1,1,1,1,1)),S(P(1,1,1,1),P(1,1,1,1,1)));P(S(1,P(S(1,1,1,1),S(1,1,1,1))),S(P(1,1,1,1),P(1,1,1,1,1)));P(S(1,P(S(1,1,1,1),S(1,1,1,1))),S(1,P(S(1,1,1,1),S(1,1,1,1))))"
18,5,11,123,1,product,"P(1,1,S(P(1,1,1),P(1,1,1,1,1)),S(P(1,1,1),P(1,1,1,1,1)))"
18,5,12,133,2,product,"P(1,1,1,1,S(P(1,1),P(1,1,1,1,1)),S(P(1,1),P(1,1,1,1,1)));P(S(1,1),S(1,1),S(1,P(S(1,1),S(1,1),S(1,1))),S(1,P(S(1,1),S(1,1),S(1,1))))"
18,6,6,105,1,product,"P(1,1,1,1,1,S(1,P(1,1,1,1,1,1),P(1,1,1,1,1,1)))"
18,6,7,111,1,product,"P(1,1,1,1,1,S(P(1,1,1,1,1,1),P(1,1,1,1,1,1,1)))"
18,6,8,113,1,product,"P(1,1,1,1,1,S(P(1,1,1,1,1),P(1,1,1,1,1,1,1,1)))"
18,6,9,117,1,product,"P(1,1,1,1,1,S(P(1,1,1,1),P(1,1,1,1,1,1,1,1,1)))"
18,6,10,125,1,product,"P(1,S(P(1,1),P(1,1)),S(1,P(S(P(1,1),P(1,1)),S(P(1,1),P(1,1)),S(P(1,1),P(1,1)))))"
18,6,11,133,1,product,"P(S(P(1,1),P(1,1)),S(P(1,1),P(1,1)),S(P(1,1),P(1,1,1)),S(P(1,1),P(1,1,1)))"
18,6,12,141,2,product,"P(1,1,1,1,1,S(1,P(1,1,1,1,1,1,1,1,1,1,1,1)));P(1,1,1,1,S(1,P(1,1,1,1,1,1)),S(1,P(1,1,1,1,1,1)))"
18,7,7,118,1,product,"P(1,1,1,1,1,1,S(P(1,1,1,1,1),P(1,1,1,1,1,1,1)))"
18,7,8,121,1,product,"P(1,1,1,1,1,1,S(P(1,1,1,1),P(1,1,1,1,1,1,1,1)))"
18,7,9,126,2,product,"P(1,1,1,1,1,1,S(P(1,1,1),P(1,1,1,1,1,1,1,1,1)));P(S(P(1,1,1),P(1,1,1)),S(P(1,1,1),P(1,1,1)),S(P(1,1,1),P(1,1,1)))"
18,7,10,135,1,product,"P(S(1,1,1),S(1,1,1),S(1,1,1),S(1,1,1),S(1,1,1),S(1,1,1))"
18,7,11,144,1,product,"P(S(1,1),S(1,1),S(1,1),S(1,1),S(1,1),S(1,1),S(1,1),S(1,1),S(1,1))"
18,7,12,153,1,product,"P(1,1,1,1,1,1,1,1,1,1,1,1,1,1,1,1,1,1)"
18,8,8,129,1,product,"P(1,1,1,1,1,1,1,S(P(1,1,1),P(1,1,1,1,1,1,1,1)))"
18,8,9,135,1,product,"P(1,1,1,1,1,1,1,S(P(1,1),P(1,1,1,1,1,1,1,1,1)))"
18,8,10,143,1,product,"P(1,1,1,1,1,1,1,S(1,P(1,1,1,1,1,1,1,1,1,1)))"
18,8,11,153,1,product,"P(1,1,1,1,1,1,1,1,1,1,1,1,1,1,1,1,1,1)"
18,8,12,153,1,product,"P(1,1,1,1,1,1,1,1,1,1,1,1,1,1,1,1,1,1)"
18,9,9,144,2,product,"P(1,1,1,1,1,1,1,1,S(1,P(1,1,1,1,1,1,1,1,1)));P(S(1,1),S(1,1),S(1,1),S(1,1),S(1,1),S(1,1),S(1,1),S(1,1),S(1,1))"
18,9,10,153,1,product,"P(1,1,1,1,1,1,1,1,1,1,1,1,1,1,1,1,1,1)"
18,9,11,153,1,product,"P(1,1,1,1,1,1,1,1,1,1,1,1,1,1,1,1,1,1)"
18,9,12,153,1,product,"P(1,1,1,1,1,1,1,1,1,1,1,1,1,1,1,1,1,1)"
18,10,10,153,1,product,"P(1,1,1,1,1,1,1,1,1,1,1,1,1,1,1,1,1,1)"
18,10,11,153,1,product,"P(1,1,1,1,1,1,1,1,1,1,1,1,1,1,1,1,1,1)"
18,10,12,153,1,product,"P(1,1,1,1,1,1,1,1,1,1,1,1,1,1,1,1,1,1)"
18,11,11,153,1,product,"P(1,1,1,1,1,1,1,1,1,1,1,1,1,1,1,1,1,1)"
18,11,12,153,1,product,"P(1,1,1,1,1,1,1,1,1,1,1,1,1,1,1,1,1,1)"
18,12,12,153,1,product,"P(1,1,1,1,1,1,1,1,1,1,1,1,1,1,1,1,1,1)"
19,1,1,0,1,sum,"S(1,1,1,1,1,1,1,1,1,1,1,1,1,1,1,1,1,1,1)"
19,1,2,9,1,sum,"S(1,P(1,1),P(1,1),P(1,1),P(1,1),P(1,1),P(1,1),P(1,1),P(1,1),P(1,1))"
19,1,3,19,2,sum,"S(P(1,1,1),P(1,1,1),P(1,1,1),P(1,1,1),P(1,1,1),P(S(1,1),S(1,1)));S(P(1,1,1),P(S(1,1),S(1,1)),P(S(1,1),S(1,1)),P(S(1,1),S(1,1)),P(S(1,1),S(1,1)))"
19,1,4,28,1,sum,"S(P(1,1,1,1),P(1,1,1,1),P(S(1,1),S(1,P(1,1))),P(S(1,1,1),S(1,1,1)))"
19,1,5,38,3,sum,"S(P(1,1,1,1,1),P(S(1,1,1),S(P(1,1),P(1,1))),P(S(1,1,1),S(P(1,1),P(1,1))));S(P(S(1,1),S(1,1),S(1,1)),P(S(1,1),S(1,1),S(1,1)),P(S(1,1,1),S(P(1,1),P(1,1))));S(P(1,1,1,1,1),P(S(1,1),S(1,1),S(1,1)),P(S(1,1,1,1),S(1,1,1,1)))"
19,1,6,47,2,sum,"S(P(1,1,1,1,1,1),P(1,1,1,1,1,1),P(S(1,1),S(1,1),S(1,P(1,1))));S(P(S(1,1,1,1),S(1,P(1,1),P(1,1))),P(S(1,1,1,1,1),S(1,1,1,1,1)))"
19,1,7,57,3,sum,"S(P(S(1,1,1),S(1,1,1),S(1,1,1)),P(S(1,1,1,1),S(P(1,1,1),P(1,1,1))));S(P(S(1,1),S(1,1),S(1,1),S(1,1)),P(S(1,1,1,1,1),S(P(1,1),P(1,1),P(1,1))));S(P(1,1,1,1,1,1,1),P(S(1,1,1,1,1,1),S(1,1,1,1,1,1)))"
19,1,8,66,2,sum,"S(P(S(1,1),S(1,1),S(1,1),S(1,P(1,1))),P(S(1,1,1),S(1,1,1),S(P(1,1),P(1,1))));S(P(1,1,1,1,1,1,1,1),P(S(1,P(1,1),P(1,1)),S(P(1,1,1),P(1,1,1))))"
19,1,9,76,1,sum,"S(P(1,1,1,1,1,1,1,1,1),P(S(1,1),S(1,1),S(1,1),S(1,1),S(1,1)))"
19,1,10,81,2,sum,"S(P(1,1,1,1,1,1,1,1,1),P(1,1,1,1,1,1,1,1,1,1));S(1,P(S(1,1,1,1,1,1,1,1,1),S(1,1,1,1,1,1,1,1,1)))"
19,1,11,95,1,product,"P(S(1,1,1,1,1,1,1,1,1),S(P(1,1),P(1,1),P(1,1),P(1,1),P(1,1)))"
19,1,12,104,2,product,"P(S(1,1,1,1,1,1,1,1),S(P(S(1,1),S(1,P(1,1))),P(S(1,1,1),S(1,1,1))));P(S(1,P(1,1),P(1,1),P(1,1),P(1,1)),S(P(1,1,1),P(1,1,1),P(S(1,1),S(1,1))))"
19,2,2,27,1,product,"P(1,S(P(1,1),P(1,1),P(1,1),P(1,1),P(1,1),P(1,1),P(1,1),P(1,1),P(1,1)))"
19,2,3,36,1,product,"P(1,S(P(1,1,1),P(1,1,1),P(1,1,1),P(1,1,1),P(1,1,1),P(1,1,1)))"
19,2,4,43,1,product,"P(1,S(P(1,1),P(1,1,1,1),P(1,1,1,1),P(1,1,1,1),P(1,1,1,1)))"
19,2,5,51,2,product,"P(1,S(P(1,1,1),P(1,1,1,1,1),P(1,1,1,1,1),P(1,1,1,1,1)));P(1,S(P(S(1,P(1,1)),S(1,P(1,1))),P(S(1,P(1,1)),S(1,P(1,1))),P(S(1,P(1,1)),S(1,P(1,1)))))"
19,2,6,63,1,product,"P(1,S(P(1,1,1,1,1,1),P(1,1,1,1,1,1),P(1,1,1,1,1,1)))"
19,2,7,70,1,product,"P(1,S(P(S(P(1,1),P(1,1)),S(P(1,1),P(1,1,1))),P(S(P(1,1),P(1,1)),S(P(1,1),P(1,1,1)))))"
19,2,8,79,2,product,"P(1,S(P(1,1,1,1,1,1,1,1),P(S(P(1,1),P(1,1)),S(P(1,1),P(1,1,1,1)))));P(1,S(P(1,1,1,1,1,1,1,1),P(S(P(1,1),P(1,1,1)),S(P(1,1),P(1,1,1)))))"
19,2,9,90,1,product,"P(1,S(P(1,1,1,1,1,1,1,1,1),P(1,1,1,1,1,1,1,1,1)))"
19,2,10,91,2,product,"P(1,S(P(1,1,1,1,1,1,1,1),P(1,1,1,1,1,1,1,1,1,1)));P(1,S(P(1,1),P(S(P(1,1),P(1,1),P(1,1),P(1,1)),S(P(1,1),P(1,1),P(1,1),P(1,1)))))"
19,2,11,107,1,product,"P(1,S(1,P(1,1),P(1,1),P(1,1),P(1,1)),S(1,P(1,1),P(1,1),P(1,1),P(1,1)))"
19,2,12,117,1,product,"P(1,S(P(1,1,1),P(1,1,1),P(1,1,1)),S(P(1,1,1),P(1,1,1),P(1,1,1)))"
19,3,3,51,2,product,"P(1,1,S(P(1,1),P(1,1,1),P(1,1,1),P(1,1,1),P(1,1,1),P(1,1,1)));P(S(1,1),S(P(1,1,1),P(1,1,1),P(1,1,1),P(S(1,1),S(1,1)),P(S(1,1),S(1,1))))"
19,3,4,59,1,product,"P(1,1,S(1,P(1,1,1,1),P(1,1,1,1),P(1,1,1,1),P(1,1,1,1)))"
19,3,5,68,1,product,"P(S(1,1),S(P(1,1,1,1,1),P(S(1,1),S(1,1),S(1,1)),P(S(1,1),S(1,1),S(1,1))))"
19,3,6,75,1,product,"P(1,1,S(P(1,1,1,1,1),P(1,1,1,1,1,1),P(1,1,1,1,1,1)))"
19,3,7,82,1,product,"P(S(1,1),S(1,P(S(1,1),S(1,1),S(1,1),S(1,1)),P(S(1,1),S(1,1),S(1,1),S(1,1))))"
19,3,8,92,2,product,"P(1,1,S(P(1,1,1,1,1,1,1,1),P(S(1,P(1,1,1)),S(1,P(1,1,1,1)))));P(S(1,1),S(P(1,1,1,1,1,1,1,1),P(S(1,1),S(1,1),S(1,P(1,1,1,1)))))"
19,3,9,99,1,product,"P(1,1,S(P(1,1,1,1,1,1,1,1),P(1,1,1,1,1,1,1,1,1)))"
19,3,10,101,1,product,"P(1,1,S(P(1,1,1,1,1,1,1),P(1,1,1,1,1,1,1,1,1,1)))"
19,3,11,117,1,product,"P(1,S(P(1,1,1),P(1,1,1),P(1,1,1)),S(P(1,1,1),P(1,1,1),P(1,1,1)))"
19,3,12,126,2,product,"P(1,1,S(P(1,1),P(1,1,1),P(1,1,1)),S(1,P(1,1,1,1),P(1,1,1,1)));P(S(1,1),S(P(S(1,1),S(1,1)),P(S(1,1),S(1,1))),S(1,P(1,1,1,1),P(1,1,1,1)))"
19,4,4,75,1,product,"P(1,1,1,S(P(1,1,1,1),P(1,1,1,1),P(1,1,1,1),P(1,1,1,1)))"
19,4,5,81,1,product,"P(1,1,1,S(1,P(1,1,1,1,1),P(1,1,1,1,1),P(1,1,1,1,1)))"
19,4,6,87,1,product,"P(1,1,1,S(P(1,1,1,1),P(1,1,1,1,1,1),P(1,1,1,1,1,1)))"
19,4,7,96,1,product,"P(S(1,1,1),S(P(1,1,1,1,1,1,1),P(S(1,1,1),S(1,1,1),S(1,1,1))))"
19,4,8,107,1,product,"P(1,1,1,S(P(1,1,1,1,1,1,1,1),P(1,1,1,1,1,1,1,1)))"
19,4,9,108,1,product,"P(1,1,1,S(P(1,1,1,1,1,1,1),P(1,1,1,1,1,1,1,1,1)))"
19,4,10,111,1,product,"P(1,1,1,S(P(1,1,1,1,1,1),P(1,1,1,1,1,1,1,1,1,1)))"
19,4,11,123,4,product,"P(1,1,S(1,P(S(P(1,1,1,1),P(1,1,1,1)),S(P(1,1,1,1),P(1,1,1,1)))));P(1,S(1,P(1,1,1,1),P(1,1,1,1)),S(1,P(1,1,1,1),P(1,1,1,1)));P(S(P(1,1,1,1),P(S(1,1),S(1,P(1,1)))),S(P(1,1,1,1,1),P(1,1,1,1,1)));P(S(P(1,1,1,1),P(S(1,1),S(1,P(1,1)))),S(1,P(1,S(P(1,1,1,1),P(1,1,1,1)))))"
19,4,12,139,1,product,"P(1,1,1,S(P(1,1,1,1),P(1,1,1,1)),S(P(1,1,1,1),P(1,1,1,1)))"
19,5,5,96,1,product,"P(1,1,1,1,S(P(1,1,1,1,1),P(1,1,1,1,1),P(1,1,1,1,1)))"
19,5,6,99,1,product,"P(1,1,1,1,S(P(1,1,1),P(1,1,1,1,1,1),P(1,1,1,1,1,1)))"
19,5,7,109,1,product,"P(S(1,1),S(1,1),S(P(1,1,1,1,1,1,1),P(S(1,1),S(1,1),S(1,1),S(1,1))))"
19,5,8,115,1,product,"P(1,1,1,1,S(P(1,1,1,1,1,1,1),P(1,1,1,1,1,1,1,1)))"
19,5,9,117,1,product,"P(1,1,1,1,S(P(1,1,1,1,1,1),P(1,1,1,1,1,1,1,1,1)))"
19,5,10,121,1,product,"P(1,1,1,1,S(P(1,1,1,1,1),P(1,1,1,1,1,1,1,1,1,1)))"
19,5,11,131,1,product,"P(1,S(P(1,1,1,1),P(1,1,1,1,1)),S(P(1,1,1,1),P(1,1,1,1,1)))"
19,5,12,141,1,product,"P(1,1,1,S(P(1,1,1),P(1,1,1,1,1)),S(P(1,1,1),P(1,1,1,1,1)))"
19,6,6,111,2,product,"P(1,1,1,1,1,S(P(1,1),P(1,1,1,1,1,1),P(1,1,1,1,1,1)));P(1,S(P(1,1),P(1,1)),S(P(1,1,1,1,1,1),P(S(P(1,1),P(1,1)),S(P(1,1),P(1,1)))))"
19,6,7,122,1,product,"P(1,1,1,1,1,S(P(1,1,1,1,1,1,1),P(1,1,1,1,1,1,1)))"
19,6,8,123,1,product,"P(1,1,1,1,1,S(P(1,1,1,1,1,1),P(1,1,1,1,1,1,1,1)))"
19,6,9,126,1,product,"P(1,1,1,1,1,S(P(1,1,1,1,1),P(1,1,1,1,1,1,1,1,1)))"
19,6,10,131,2,product,"P(1,1,1,1,1,S(P(1,1,1,1),P(1,1,1,1,1,1,1,1,1,1)));P(1,S(P(1,1),P(1,1)),S(P(1,1),P(S(P(1,1),P(1,1)),S(P(1,1),P(1,1)),S(P(1,1),P(1,1)))))"
19,6,11,141,1,product,"P(S(1,1,1,1),S(1,P(1,1),P(1,1)),S(1,P(1,1),P(1,1)),S(1,P(1,1),P(1,1)))"
19,6,12,149,1,product,"P(S(P(1,1),P(1,1)),S(P(1,1),P(1,1,1)),S(P(1,1),P(1,1,1)),S(P(1,1),P(1,1,1)))"
19,7,7,129,1,product,"P(1,1,1,1,1,1,S(P(1,1,1,1,1,1),P(1,1,1,1,1,1,1)))"
19,7,8,131,1,product,"P(1,1,1,1,1,1,S(P(1,1,1,1,1),P(1,1,1,1,1,1,1,1)))"
19,7,9,135,1,product,"P(1,1,1,1,1,1,S(P(1,1,1,1),P(1,1,1,1,1,1,1,1,1)))"
19,7,10,141,2,product,"P(1,1,1,1,1,1,S(P(1,1,1),P(1,1,1,1,1,1,1,1,1,1)));P(S(1,1,1),S(1,1,1),S(1,P(S(1,1,1),S(1,1,1),S(1,1,1),S(1,1,1))))"
19,7,11,150,1,product,"P(S(1,1),S(1,1),S(1,1),S(1,P(S(1,1),S(1,1),S(1,1),S(1,1),S(1,1),S(1,1))))"
19,7,12,159,1,product,"P(1,1,1,1,1,1,S(1,P(1,1,1,1,1,1,1,1,1,1,1,1)))"
19,8,8,139,1,product,"P(1,1,1,1,1,1,1,S(P(1,1,1,1),P(1,1,1,1,1,1,1,1)))"
19,8,9,144,2,product,"P(1,1,1,1,1,1,1,S(P(1,1,1),P(1,1,1,1,1,1,1,1,1)));P(1,S(P(1,1,1),P(1,1,1)),S(P(1,1,1),P(1,1,1)),S(P(1,1,1),P(1,1,1)))"
19,8,10,151,1,product,"P(1,1,1,1,1,1,1,S(P(1,1),P(1,1,1,1,1,1,1,1,1,1)))"
19,8,11,160,1,product,"P(1,1,1,1,1,1,1,S(1,P(1,1,1,1,1,1,1,1,1,1,1)))"
19,8,12,171,1,product,"P(1,1,1,1,1,1,1,1,1,1,1,1,1,1,1,1,1,1,1)"
19,9,9,153,1,product,"P(1,1,1,1,1,1,1,1,S(P(1,1),P(1,1,1,1,1,1,1,1,1)))"
19,9,10,161,1,product,"P(1,1,1,1,1,1,1,1,S(1,P(1,1,1,1,1,1,1,1,1,1)))"
19,9,11,171,1,product,"P(1,1,1,1,1,1,1,1,1,1,1,1,1,1,1,1,1,1,1)"
19,9,12,171,1,product,"P(1,1,1,1,1,1,1,1,1,1,1,1,1,1,1,1,1,1,1)"
19,10,10,171,1,product,"P(1,1,1,1,1,1,1,1,1,1,1,1,1,1,1,1,1,1,1)"
19,10,11,171,1,product,"P(1,1,1,1,1,1,1,1,1,1,1,1,1,1,1,1,1,1,1)"
19,10,12,171,1,product,"P(1,1,1,1,1,1,1,1,1,1,1,1,1,1,1,1,1,1,1)"
19,11,11,171,1,product,"P(1,1,1,1,1,1,1,1,1,1,1,1,1,1,1,1,1,1,1)"
19,11,12,171,1,product,"P(1,1,1,1,1,1,1,1,1,1,1,1,1,1,1,1,1,1,1)"
19,12,12,171,1,product,"P(1,1,1,1,1,1,1,1,1,1,1,1,1,1,1,1,1,1,1)"
20,1,1,0,1,sum,"S(1,1,1,1,1,1,1,1,1,1,1,1,1,1,1,1,1,1,1,1)"
20,1,2,10,1,sum,"S(P(1,1),P(1,1),P(1,1),P(1,1),P(1,1),P(1,1),P(1,1),P(1,1),P(1,1),P(1,1))"
20,1,3,20,2,sum,"S(P(1,1,1),P(1,1,1),P(1,1,1),P(1,1,1),P(S(1,1),S(1,1)),P(S(1,1),S(1,1)));S(P(S(1,1),S(1,1)),P(S(1,1),S(1,1)),P(S(1,1),S(1,1)),P(S(1,1),S(1,1)),P(S(1,1),S(1,1)))"
20,1,4,30,2,sum,"S(P(1,1,1,1),P(1,1,1,1),P(1,1,1,1),P(1,1,1,1),P(1,1,1,1));S(P(1,1,1,1),P(1,1,1,1),P(S(1,1,1),S(1,1,1)),P(S(1,1,1),S(1,1,1)))"
20,1,5,40,4,sum,"S(P(1,1,1,1,1),P(1,1,1,1,1),P(1,1,1,1,1),P(1,1,1,1,1));S(P(S(1,1),S(1,1),S(1,1)),P(S(1,1,1),S(P(1,1),P(1,1))),P(S(1,1,1),S(P(1,1),P(1,1))));S(P(1,1,1,1,1),P(S(1,1,1),S(P(1,1),P(1,1))),P(S(1,1,1,1),S(1,1,1,1)));S(P(S(1,1),S(1,1),S(1,1)),P(S(1,1),S(1,1),S(1,1)),P(S(1,1,1,1),S(1,1,1,1)))"
20,1,6,50,2,sum,"S(P(1,1,1,1,1,1),P(1,1,1,1,1,1),P(S(P(1,1),P(1,1)),S(P(1,1),P(1,1))));S(P(S(1,1,1,1,1),S(1,1,1,1,1)),P(S(1,1,1,1,1),S(1,1,1,1,1)))"
20,1,7,60,3,sum,"S(P(S(1,1,1,1),S(P(1,1,1),P(1,1,1))),P(S(1,1,1,1),S(P(1,1,1),P(1,1,1))));S(P(S(1,1,1),S(1,1,1),S(1,1,1)),P(S(1,1,1,1,1),S(P(1,1),P(1,1),P(1,1))));S(P(S(1,1),S(1,1),S(1,1),S(1,1)),P(S(1,1,1,1,1,1),S(1,1,1,1,1,1)))"
20,1,8,70,3,sum,"S(P(S(1,1,1),S(1,1,1),S(P(1,1),P(1,1))),P(S(1,1,1),S(1,1,1),S(P(1,1),P(1,1))));S(P(1,1,1,1,1,1,1,1),P(S(1,1,1,1,1),S(P(1,1,1),P(S(1,1),S(1,1)))));S(P(1,1,1,1,1,1,1,1),P(S(P(1,1),P(1,1),P(1,1)),S(P(1,1),P(1,1),P(1,1))))"
20,1,9,80,2,sum,"S(P(S(1,1),S(1,1),S(1,1),S(1,1),S(1,1)),P(S(1,1),S(1,1),S(1,1),S(1,1),S(1,1)));S(P(1,1,1,1,1,1,1,1,1),P(S(1,1,1),S(P(1,1),P(1,1)),S(P(1,1),P(1,1))))"
20,1,10,90,1,sum,"S(P(1,1,1,1,1,1,1,1,1,1),P(1,1,1,1,1,1,1,1,1,1))"
20,1,11,100,1,product,"P(S(1,1,1,1,1,1,1,1,1,1),S(1,1,1,1,1,1,1,1,1,1))"
20,1,12,110,2,product,"P(S(1,1,1,1,1,1,1,1,1),S(P(1,1,1),P(S(1,1),S(1,1)),P(S(1,1),S(1,1))));P(S(P(1,1),P(1,1),P(1,1),P(1,1),P(1,1)),S(P(1,1),P(1,1),P(1,1),P(1,1),P(1,1)))"
20,2,2,28,1,product,"P(1,S(1,P(1,1),P(1,1),P(1,1),P(1,1),P(1,1),P(1,1),P(1,1),P(1,1),P(1,1)))"
20,2,3,37,1,product,"P(1,S(1,P(1,1,1),P(1,1,1),P(1,1,1),P(1,1,1),P(1,1,1),P(1,1,1)))"
20,2,4,46,1,product,"P(1,S(P(1,1,1),P(1,1,1,1),P(1,1,1,1),P(1,1,1,1),P(1,1,1,1)))"
20,2,5,55,1,product,"P(1,S(P(1,1,1,1),P(1,1,1,1,1),P(1,1,1,1,1),P(1,1,1,1,1)))"
20,2,6,65,1,product,"P(1,S(P(1,1,1,1,1,1),P(1,1,1,1,1,1),P(S(1,P(1,1)),S(1,P(1,1,1)))))"
20,2,7,74,1,product,"P(1,S(P(S(P(1,1),P(1,1)),S(P(1,1),P(1,1,1))),P(S(1,P(1,1),P(1,1)),S(1,P(1,1),P(1,1)))))"
20,2,8,85,1,product,"P(1,S(P(1,1,1,1,1,1,1,1),P(S(1,P(1,1),P(1,1)),S(P(1,1,1),P(1,1,1)))))"
20,2,9,93,1,product,"P(1,S(P(1,1,1,1,1,1,1,1,1),P(S(1,P(1,1)),S(1,P(1,1)),S(1,P(1,1,1)))))"
20,2,10,100,1,product,"P(1,S(P(1,1,1,1,1,1,1,1,1),P(1,1,1,1,1,1,1,1,1,1)))"
20,2,11,110,1,product,"P(S(P(1,1),P(1,1),P(1,1),P(1,1),P(1,1)),S(P(1,1),P(1,1),P(1,1),P(1,1),P(1,1)))"
20,2,12,124,2,product,"P(S(P(1,1,1),P(1,S(P(1,1),P(1,1),P(1,1)))),S(P(1,S(P(1,1),P(1,1))),P(1,S(P(1,1),P(1,1)))));P(S(P(1,S(P(1,1),P(1,1))),P(1,S(P(1,1),P(1,1)))),S(P(1,S(P(1,1),P(1,1))),P(1,S(P(1,1),P(1,1)))))"
20,3,3,55,1,product,"P(1,1,S(P(1,1,1),P(1,1,1),P(1,1,1),P(1,1,1),P(1,1,1),P(1,1,1)))"
20,3,4,62,1,product,"P(1,1,S(P(1,1),P(1,1,1,1),P(1,1,1,1),P(1,1,1,1),P(1,1,1,1)))"
20,3,5,72,1,product,"P(S(1,1),S(P(S(1,1),S(1,1),S(1,1)),P(S(1,1),S(1,1),S(1,1)),P(S(1,1),S(1,1),S(1,1))))"
20,3,6,82,1,product,"P(1,1,S(P(1,1,1,1,1,1),P(1,1,1,1,1,1),P(1,1,1,1,1,1)))"
20,3,7,85,2,product,"P(1,1,S(P(1,1,1,1),P(1,1,1,1,1,1,1),P(1,1,1,1,1,1,1)));P(S(1,1),S(P(1,1),P(S(1,1),S(1,1),S(1,1),S(1,1)),P(S(1,1),S(1,1),S(1,1),S(1,1))))"
20,3,8,98,1,product,"P(1,1,S(P(1,1,1,1,1,1,1,1),P(S(P(1,1),P(1,1,1)),S(P(1,1),P(1,1,1)))))"
20,3,9,109,1,product,"P(1,1,S(P(1,1,1,1,1,1,1,1,1),P(1,1,1,1,1,1,1,1,1)))"
20,3,10,110,1,product,"P(1,1,S(P(1,1,1,1,1,1,1,1),P(1,1,1,1,1,1,1,1,1,1)))"
20,3,11,120,1,product,"P(S(P(1,1,1),P(1,1,1),P(S(1,1),S(1,1))),S(P(1,1,1),P(1,1,1),P(S(1,1),S(1,1))))"
20,3,12,136,1,product,"P(1,1,S(P(1,1,1),P(1,1,1),P(1,1,1)),S(P(1,1,1),P(1,1,1),P(1,1,1)))"
20,4,4,78,1,product,"P(1,1,1,S(1,P(1,1,1,1),P(1,1,1,1),P(1,1,1,1),P(1,1,1,1)))"
20,4,5,85,1,product,"P(1,1,1,S(P(1,1),P(1,1,1,1,1),P(1,1,1,1,1),P(1,1,1,1,1)))"
20,4,6,94,1,product,"P(1,1,1,S(P(1,1,1,1,1),P(1,1,1,1,1,1),P(1,1,1,1,1,1)))"
20,4,7,101,1,product,"P(S(1,1,1),S(P(S(1,1),S(1,P(1,1)),S(1,P(1,1))),P(S(1,1,1),S(1,1,1),S(1,1,1))))"
20,4,8,110,2,product,"P(1,1,1,S(1,P(1,1,1,1,1,1,1,1),P(1,1,1,1,1,1,1,1)));P(S(1,P(1,1)),S(P(1,1,1,1,1,1,1,1),P(S(1,P(1,1)),S(1,P(1,1)),S(1,P(1,1)))))"
20,4,9,118,1,product,"P(1,1,1,S(P(1,1,1,1,1,1,1,1),P(1,1,1,1,1,1,1,1,1)))"
20,4,10,120,1,product,"P(1,1,1,S(P(1,1,1,1,1,1,1),P(1,1,1,1,1,1,1,1,1,1)))"
20,4,11,130,1,product,"P(S(P(1,1,1,1),P(S(1,1,1),S(1,1,1))),S(P(1,1,1,1),P(S(1,1,1),S(1,1,1))))"
20,4,12,142,2,product,"P(1,1,1,S(1,P(S(P(1,1,1,1),P(1,1,1,1)),S(P(1,1,1,1),P(1,1,1,1)))));P(1,1,S(1,P(1,1,1,1),P(1,1,1,1)),S(1,P(1,1,1,1),P(1,1,1,1)))"
20,5,5,100,2,product,"P(1,1,1,1,S(1,P(1,1,1,1,1),P(1,1,1,1,1),P(1,1,1,1,1)));P(S(1,1),S(1,1),S(P(1,1,1,1,1),P(1,1,1,1,1),P(S(1,1),S(1,1),S(1,1))))"
20,5,6,106,2,product,"P(1,1,1,1,S(P(1,1,1,1),P(1,1,1,1,1,1),P(1,1,1,1,1,1)));P(S(P(1,1),P(1,1)),S(P(S(P(1,1),P(1,1)),S(P(1,1),P(1,1))),P(S(P(1,1),P(1,1)),S(P(1,1),P(1,1)))))"
20,5,7,116,1,product,"P(S(1,1),S(1,1),S(P(S(1,1),S(1,1),S(1,1),S(1,1)),P(S(1,1),S(1,1),S(1,1),S(1,1))))"
20,5,8,126,1,product,"P(1,1,1,1,S(P(1,1,1,1,1,1,1,1),P(1,1,1,1,1,1,1,1)))"
20,5,9,127,1,product,"P(1,1,1,1,S(P(1,1,1,1,1,1,1),P(1,1,1,1,1,1,1,1,1)))"
20,5,10,130,1,product,"P(1,1,1,1,S(P(1,1,1,1,1,1),P(1,1,1,1,1,1,1,1,1,1)))"
20,5,11,140,1,product,"P(S(P(1,1,1,1,1),P(1,1,1,1,1)),S(P(1,1,1,1,1),P(1,1,1,1,1)))"
20,5,12,150,1,product,"P(1,1,S(P(1,1,1,1),P(1,1,1,1,1)),S(P(1,1,1,1),P(1,1,1,1,1)))"
20,6,6,118,1,product,"P(1,1,1,1,1,S(P(1,1,1),P(1,1,1,1,1,1),P(1,1,1,1,1,1)))"
20,6,7,127,1,product,"P(1,1,1,1,1,S(1,P(1,1,1,1,1,1,1),P(1,1,1,1,1,1,1)))"
20,6,8,134,1,product,"P(1,1,1,1,1,S(P(1,1,1,1,1,1,1),P(1,1,1,1,1,1,1,1)))"
20,6,9,136,1,product,"P(1,1,1,1,1,S(P(1,1,1,1,1,1),P(1,1,1,1,1,1,1,1,1)))"
20,6,10,140,1,product,"P(1,1,1,1,1,S(P(1,1,1,1,1),P(1,1,1,1,1,1,1,1,1,1)))"
20,6,11,150,1,product,"P(S(1,1,1,1,1),S(1,1,1,1,1),S(1,1,1,1,1),S(1,1,1,1,1))"
20,6,12,158,1,product,"P(S(1,P(1,1),P(1,1)),S(1,P(1,1),P(1,1)),S(1,P(1,1),P(1,1)),S(1,P(1,1),P(1,1)))"
20,7,7,141,1,product,"P(1,1,1,1,1,1,S(P(1,1,1,1,1,1,1),P(1,1,1,1,1,1,1)))"
20,7,8,142,1,product,"P(1,1,1,1,1,1,S(P(1,1,1,1,1,1),P(1,1,1,1,1,1,1,1)))"
20,7,9,145,1,product,"P(1,1,1,1,1,1,S(P(1,1,1,1,1),P(1,1,1,1,1,1,1,1,1)))"
20,7,10,150,1,product,"P(1,1,1,1,1,1,S(P(1,1,1,1),P(1,1,1,1,1,1,1,1,1,1)))"
20,7,11,158,1,product,"P(S(1,P(1,1),P(1,1)),S(1,P(1,1),P(1,1)),S(1,P(1,1),P(1,1)),S(1,P(1,1),P(1,1)))"
20,7,12,168,1,product,"P(1,S(P(1,1),P(1,1)),S(P(1,1),P(1,1,1)),S(P(1,1),P(1,1,1)),S(P(1,1),P(1,1,1)))"
20,8,8,150,1,product,"P(1,1,1,1,1,1,1,S(P(1,1,1,1,1),P(1,1,1,1,1,1,1,1)))"
20,8,9,154,1,product,"P(1,1,1,1,1,1,1,S(P(1,1,1,1),P(1,1,1,1,1,1,1,1,1)))"
20,8,10,160,1,product,"P(1,1,1,1,1,1,1,S(P(1,1,1),P(1,1,1,1,1,1,1,1,1,1)))"
20,8,11,168,1,product,"P(1,1,1,1,1,1,1,S(P(1,1),P(1,1,1,1,1,1,1,1,1,1,1)))"
20,8,12,178,1,product,"P(1,1,1,1,1,1,1,S(1,P(1,1,1,1,1,1,1,1,1,1,1,1)))"
20,9,9,163,2,product,"P(1,1,1,1,1,1,1,1,S(P(1,1,1),P(1,1,1,1,1,1,1,1,1)));P(1,1,S(P(1,1,1),P(1,1,1)),S(P(1,1,1),P(1,1,1)),S(P(1,1,1),P(1,1,1)))"
20,9,10,170,2,product,"P(1,1,1,1,1,1,1,1,S(P(1,1),P(1,1,1,1,1,1,1,1,1,1)));P(S(P(1,1),P(1,1)),S(P(1,1),P(1,1)),S(P(1,1),P(1,1)),S(P(1,1),P(1,1)),S(P(1,1),P(1,1)))"
20,9,11,180,1,product,"P(S(1,1),S(1,1),S(1,1),S(1,1),S(1,1),S(1,1),S(1,1),S(1,1),S(1,1),S(1,1))"
20,9,12,190,1,product,"P(1,1,1,1,1,1,1,1,1,1,1,1,1,1,1,1,1,1,1,1)"
20,10,10,180,1,product,"P(1,1,1,1,1,1,1,1,1,S(1,P(1,1,1,1,1,1,1,1,1,1)))"
20,10,11,190,1,product,"P(1,1,1,1,1,1,1,1,1,1,1,1,1,1,1,1,1,1,1,1)"
20,10,12,190,1,product,"P(1,1,1,1,1,1,1,1,1,1,1,1,1,1,1,1,1,1,1,1)"
20,11,11,190,1,product,"P(1,1,1,1,1,1,1,1,1,1,1,1,1,1,1,1,1,1,1,1)"
20,11,12,190,1,product,"P(1,1,1,1,1,1,1,1,1,1,1,1,1,1,1,1,1,1,1,1)"
20,12,12,190,1,product,"P(1,1,1,1,1,1,1,1,1,1,1,1,1,1,1,1,1,1,1,1)"
